id,label,doc_id,page,section_number,section_title,table_idx,table_uid,section_number_near,section_title_near,caption_near,table_order_in_page,name,reference,rule,evidence
Doc:FFMFMEQ013.0 (MR PAQUETE DE INYECCION DE QUIMICOS),Doc,FFMFMEQ013.0 (MR PAQUETE DE INYECCION DE QUIMICOS),,,,,,,,,,,,,
Doc:FFMFMEX033.1 (HD PAQUETE DE INYECCION DE QUIMICOS),Doc,FFMFMEX033.1 (HD PAQUETE DE INYECCION DE QUIMICOS),,,,,,,,,,,,,
Doc:FFMFSME015.1 (ET Paquete de Inyección de Químicos),Doc,FFMFSME015.1 (ET Paquete de Inyección de Químicos),,,,,,,,,,,,,
Section:FFMFMEQ013.0 (MR PAQUETE DE INYECCION DE QUIMICOS)_1_NA,Section,FFMFMEQ013.0 (MR PAQUETE DE INYECCION DE QUIMICOS),1.0,,,,,,,,,,,,
Section:FFMFMEQ013.0 (MR PAQUETE DE INYECCION DE QUIMICOS)_2_NA,Section,FFMFMEQ013.0 (MR PAQUETE DE INYECCION DE QUIMICOS),2.0,,,,,,,,,,,,
Section:FFMFMEQ013.0 (MR PAQUETE DE INYECCION DE QUIMICOS)_2_1.1,Section,FFMFMEQ013.0 (MR PAQUETE DE INYECCION DE QUIMICOS),2.0,1.1,CONDICIONES GENERALES...................................................................................................................................... 4,,,,,,,,,,
Section:FFMFMEQ013.0 (MR PAQUETE DE INYECCION DE QUIMICOS)_2_1.2,Section,FFMFMEQ013.0 (MR PAQUETE DE INYECCION DE QUIMICOS),2.0,1.2,GLOSARIO ................................................................................................................................................................... 4,,,,,,,,,,
Section:FFMFMEQ013.0 (MR PAQUETE DE INYECCION DE QUIMICOS)_2_1.3,Section,FFMFMEQ013.0 (MR PAQUETE DE INYECCION DE QUIMICOS),2.0,1.3,ORDEN DE PREVALENCIA......................................................................................................................................... 5,,,,,,,,,,
Section:FFMFMEQ013.0 (MR PAQUETE DE INYECCION DE QUIMICOS)_2_2.1,Section,FFMFMEQ013.0 (MR PAQUETE DE INYECCION DE QUIMICOS),2.0,2.1,ALCANCE GENERAL .................................................................................................................................................. 5,,,,,,,,,,
Section:FFMFMEQ013.0 (MR PAQUETE DE INYECCION DE QUIMICOS)_2_2.2,Section,FFMFMEQ013.0 (MR PAQUETE DE INYECCION DE QUIMICOS),2.0,2.2,EXCLUSIONES ............................................................................................................................................................ 6,,,,,,,,,,
Section:FFMFMEQ013.0 (MR PAQUETE DE INYECCION DE QUIMICOS)_2_2.3,Section,FFMFMEQ013.0 (MR PAQUETE DE INYECCION DE QUIMICOS),2.0,2.3,OPCIONES DEL SUMINISTRO .................................................................................................................................... 6,,,,,,,,,,
Section:FFMFMEQ013.0 (MR PAQUETE DE INYECCION DE QUIMICOS)_2_4.1,Section,FFMFMEQ013.0 (MR PAQUETE DE INYECCION DE QUIMICOS),2.0,4.1,GENERAL .................................................................................................................................................................... 6,,,,,,,,,,
Section:FFMFMEQ013.0 (MR PAQUETE DE INYECCION DE QUIMICOS)_2_4.2,Section,FFMFMEQ013.0 (MR PAQUETE DE INYECCION DE QUIMICOS),2.0,4.2,PROPUESTAS ALTERNATIVAS ................................................................................................................................. 6,,,,,,,,,,
Section:FFMFMEQ013.0 (MR PAQUETE DE INYECCION DE QUIMICOS)_2_4.3,Section,FFMFMEQ013.0 (MR PAQUETE DE INYECCION DE QUIMICOS),2.0,4.3,DOCUMENTACIÓN REQUERIDA CON LA OFERTA ................................................................................................. 7,,,,,,,,,,
Section:FFMFMEQ013.0 (MR PAQUETE DE INYECCION DE QUIMICOS)_2_4.4,Section,FFMFMEQ013.0 (MR PAQUETE DE INYECCION DE QUIMICOS),2.0,4.4,DOCUMENTACIÓN REQUERIDA DESPUÉS DE LA ORDEN DE COMPRA ............................................................. 7,,,,,,,,,,
Section:FFMFMEQ013.0 (MR PAQUETE DE INYECCION DE QUIMICOS)_2_4.5,Section,FFMFMEQ013.0 (MR PAQUETE DE INYECCION DE QUIMICOS),2.0,4.5,REQUERIMIENTOS DE CONFIABILIDAD ................................................................................................................ 10,,,,,,,,,,
Section:FFMFMEQ013.0 (MR PAQUETE DE INYECCION DE QUIMICOS)_2_4.6,Section,FFMFMEQ013.0 (MR PAQUETE DE INYECCION DE QUIMICOS),2.0,4.6,MARCAS HOMOLOGADAS DE ECOPETROL ......................................................................................................... 11,,,,,,,,,,
Section:FFMFMEQ013.0 (MR PAQUETE DE INYECCION DE QUIMICOS)_2_4.7,Section,FFMFMEQ013.0 (MR PAQUETE DE INYECCION DE QUIMICOS),2.0,4.7,PROVEEDORES HOMOLOGADOS DE ECOPETROL ............................................................................................. 11,,,,,,,,,,
Section:FFMFMEQ013.0 (MR PAQUETE DE INYECCION DE QUIMICOS)_2_4.8,Section,FFMFMEQ013.0 (MR PAQUETE DE INYECCION DE QUIMICOS),2.0,4.8,REUNIONES DE INGENIERÍA Y VISITAS ................................................................................................................. 11,,,,,,,,,,
Section:FFMFMEQ013.0 (MR PAQUETE DE INYECCION DE QUIMICOS)_2_4.9,Section,FFMFMEQ013.0 (MR PAQUETE DE INYECCION DE QUIMICOS),2.0,4.9,ASISTENCIA EN SITIO .............................................................................................................................................. 11,,,,,,,,,,
Section:FFMFMEQ013.0 (MR PAQUETE DE INYECCION DE QUIMICOS)_2_4.11,Section,FFMFMEQ013.0 (MR PAQUETE DE INYECCION DE QUIMICOS),2.0,4.11,REPUESTOS .............................................................................................................................................................. 12,,,,,,,,,,
Section:FFMFMEQ013.0 (MR PAQUETE DE INYECCION DE QUIMICOS)_2_4.12,Section,FFMFMEQ013.0 (MR PAQUETE DE INYECCION DE QUIMICOS),2.0,4.12,HERRAMIENTAS ESPECIALES ................................................................................................................................ 12,,,,,,,,,,
Section:FFMFMEQ013.0 (MR PAQUETE DE INYECCION DE QUIMICOS)_2_4.13,Section,FFMFMEQ013.0 (MR PAQUETE DE INYECCION DE QUIMICOS),2.0,4.13,DOCUMENTACIÓN .................................................................................................................................................... 13,,,,,,,,,,
Section:FFMFMEQ013.0 (MR PAQUETE DE INYECCION DE QUIMICOS)_2_5.1,Section,FFMFMEQ013.0 (MR PAQUETE DE INYECCION DE QUIMICOS),2.0,5.1,REQUERIMIENTOS MECÁNICOS ............................................................................................................................. 13,,,,,,,,,,
Section:FFMFMEQ013.0 (MR PAQUETE DE INYECCION DE QUIMICOS)_2_5.2,Section,FFMFMEQ013.0 (MR PAQUETE DE INYECCION DE QUIMICOS),2.0,5.2,REQUERIMIENTOS DE TUBERÍA ............................................................................................................................. 13,,,,,,,,,,
Section:FFMFMEQ013.0 (MR PAQUETE DE INYECCION DE QUIMICOS)_2_5.3,Section,FFMFMEQ013.0 (MR PAQUETE DE INYECCION DE QUIMICOS),2.0,5.3,REQUERIMIENTOS ELÉCTRICOS ........................................................................................................................... 14,,,,,,,,,,
Section:FFMFMEQ013.0 (MR PAQUETE DE INYECCION DE QUIMICOS)_3_NA,Section,FFMFMEQ013.0 (MR PAQUETE DE INYECCION DE QUIMICOS),3.0,,,,,,,,,,,,
Section:FFMFMEQ013.0 (MR PAQUETE DE INYECCION DE QUIMICOS)_3_5.4,Section,FFMFMEQ013.0 (MR PAQUETE DE INYECCION DE QUIMICOS),3.0,5.4,REQUERIMIENTOS DE INSTRUMENTACIÓN Y CONTROL.................................................................................... 14,,,,,,,,,,
Section:FFMFMEQ013.0 (MR PAQUETE DE INYECCION DE QUIMICOS)_3_5.5,Section,FFMFMEQ013.0 (MR PAQUETE DE INYECCION DE QUIMICOS),3.0,5.5,REQUERIMIENTOS ESTRUCTURALES Y CIVILES ................................................................................................. 14,,,,,,,,,,
Section:FFMFMEQ013.0 (MR PAQUETE DE INYECCION DE QUIMICOS)_3_5.6,Section,FFMFMEQ013.0 (MR PAQUETE DE INYECCION DE QUIMICOS),3.0,5.6,OTROS REQUERIMIENTOS ...................................................................................................................................... 14,,,,,,,,,,
Section:FFMFMEQ013.0 (MR PAQUETE DE INYECCION DE QUIMICOS)_3_5.7,Section,FFMFMEQ013.0 (MR PAQUETE DE INYECCION DE QUIMICOS),3.0,5.7,EXTENSIÓN PRE-ENSAMBLE .................................................................................................................................. 14,,,,,,,,,,
Section:FFMFMEQ013.0 (MR PAQUETE DE INYECCION DE QUIMICOS)_3_5.8,Section,FFMFMEQ013.0 (MR PAQUETE DE INYECCION DE QUIMICOS),3.0,5.8,REQUERIMIENTOS DE PRE Y COMISIONAMIENTO .............................................................................................. 15,,,,,,,,,,
Section:FFMFMEQ013.0 (MR PAQUETE DE INYECCION DE QUIMICOS)_3_7.1,Section,FFMFMEQ013.0 (MR PAQUETE DE INYECCION DE QUIMICOS),3.0,7.1,SISTEMA DE ADMINISTRACIÓN DE LA CALIDAD (QMS)...................................................................................... 15,,,,,,,,,,
Section:FFMFMEQ013.0 (MR PAQUETE DE INYECCION DE QUIMICOS)_3_7.2,Section,FFMFMEQ013.0 (MR PAQUETE DE INYECCION DE QUIMICOS),3.0,7.2,NIVEL DE CRITICIDAD Y NIVEL DE INSPECCIÓN .................................................................................................. 16,,,,,,,,,,
Section:FFMFMEQ013.0 (MR PAQUETE DE INYECCION DE QUIMICOS)_3_7.3,Section,FFMFMEQ013.0 (MR PAQUETE DE INYECCION DE QUIMICOS),3.0,7.3,"PLAN DE INSPECCIÓN Y PRUEBAS (ITP), FIR....................................................................................................... 16",,,,,,,,,,
Section:FFMFMEQ013.0 (MR PAQUETE DE INYECCION DE QUIMICOS)_3_10.1,Section,FFMFMEQ013.0 (MR PAQUETE DE INYECCION DE QUIMICOS),3.0,10.1,LISTA DEL ALCANCE ............................................................................................................................................... 18,,,,,,,,,,
Section:FFMFMEQ013.0 (MR PAQUETE DE INYECCION DE QUIMICOS)_3_10.2,Section,FFMFMEQ013.0 (MR PAQUETE DE INYECCION DE QUIMICOS),3.0,10.2,ESTÁNDARES DE REFERENCIA ............................................................................................................................. 19,,,,,,,,,,
Section:FFMFMEQ013.0 (MR PAQUETE DE INYECCION DE QUIMICOS)_3_10.3,Section,FFMFMEQ013.0 (MR PAQUETE DE INYECCION DE QUIMICOS),3.0,10.3,DOCUMENTOS DE REFERENCIA ............................................................................................................................ 20,,,,,,,,,,
Section:FFMFMEQ013.0 (MR PAQUETE DE INYECCION DE QUIMICOS)_4_NA,Section,FFMFMEQ013.0 (MR PAQUETE DE INYECCION DE QUIMICOS),4.0,,,,,,,,,,,,
Section:FFMFMEQ013.0 (MR PAQUETE DE INYECCION DE QUIMICOS)_4_1.1,Section,FFMFMEQ013.0 (MR PAQUETE DE INYECCION DE QUIMICOS),4.0,1.1,CONDICIONES GENERALES,,,,,,,,,,
Section:FFMFMEQ013.0 (MR PAQUETE DE INYECCION DE QUIMICOS)_4_1.2,Section,FFMFMEQ013.0 (MR PAQUETE DE INYECCION DE QUIMICOS),4.0,1.2,GLOSARIO,,,,,,,,,,
Section:FFMFMEQ013.0 (MR PAQUETE DE INYECCION DE QUIMICOS)_5_NA,Section,FFMFMEQ013.0 (MR PAQUETE DE INYECCION DE QUIMICOS),5.0,,,,,,,,,,,,
Section:FFMFMEQ013.0 (MR PAQUETE DE INYECCION DE QUIMICOS)_5_1.3,Section,FFMFMEQ013.0 (MR PAQUETE DE INYECCION DE QUIMICOS),5.0,1.3,ORDEN DE PREVALENCIA,,,,,,,,,,
Section:FFMFMEQ013.0 (MR PAQUETE DE INYECCION DE QUIMICOS)_5_2.1,Section,FFMFMEQ013.0 (MR PAQUETE DE INYECCION DE QUIMICOS),5.0,2.1,ALCANCE GENERAL,,,,,,,,,,
Section:FFMFMEQ013.0 (MR PAQUETE DE INYECCION DE QUIMICOS)_6_NA,Section,FFMFMEQ013.0 (MR PAQUETE DE INYECCION DE QUIMICOS),6.0,,,,,,,,,,,,
Section:FFMFMEQ013.0 (MR PAQUETE DE INYECCION DE QUIMICOS)_6_2.2,Section,FFMFMEQ013.0 (MR PAQUETE DE INYECCION DE QUIMICOS),6.0,2.2,EXCLUSIONES,,,,,,,,,,
Section:FFMFMEQ013.0 (MR PAQUETE DE INYECCION DE QUIMICOS)_6_2.3,Section,FFMFMEQ013.0 (MR PAQUETE DE INYECCION DE QUIMICOS),6.0,2.3,OPCIONES DEL SUMINISTRO,,,,,,,,,,
Section:FFMFMEQ013.0 (MR PAQUETE DE INYECCION DE QUIMICOS)_6_4.1,Section,FFMFMEQ013.0 (MR PAQUETE DE INYECCION DE QUIMICOS),6.0,4.1,GENERAL,,,,,,,,,,
Section:FFMFMEQ013.0 (MR PAQUETE DE INYECCION DE QUIMICOS)_6_4.2,Section,FFMFMEQ013.0 (MR PAQUETE DE INYECCION DE QUIMICOS),6.0,4.2,PROPUESTAS ALTERNATIVAS,,,,,,,,,,
Section:FFMFMEQ013.0 (MR PAQUETE DE INYECCION DE QUIMICOS)_7_NA,Section,FFMFMEQ013.0 (MR PAQUETE DE INYECCION DE QUIMICOS),7.0,,,,,,,,,,,,
Section:FFMFMEQ013.0 (MR PAQUETE DE INYECCION DE QUIMICOS)_7_4.3,Section,FFMFMEQ013.0 (MR PAQUETE DE INYECCION DE QUIMICOS),7.0,4.3,DOCUMENTACIÓN REQUERIDA CON LA OFERTA,,,,,,,,,,
Section:FFMFMEQ013.0 (MR PAQUETE DE INYECCION DE QUIMICOS)_7_4.4,Section,FFMFMEQ013.0 (MR PAQUETE DE INYECCION DE QUIMICOS),7.0,4.4,DOCUMENTACIÓN REQUERIDA DESPUÉS DE LA ORDEN DE COMPRA,,,,,,,,,,
Section:FFMFMEQ013.0 (MR PAQUETE DE INYECCION DE QUIMICOS)_8_NA,Section,FFMFMEQ013.0 (MR PAQUETE DE INYECCION DE QUIMICOS),8.0,,,,,,,,,,,,
Section:FFMFMEQ013.0 (MR PAQUETE DE INYECCION DE QUIMICOS)_9_NA,Section,FFMFMEQ013.0 (MR PAQUETE DE INYECCION DE QUIMICOS),9.0,,,,,,,,,,,,
Section:FFMFMEQ013.0 (MR PAQUETE DE INYECCION DE QUIMICOS)_10_NA,Section,FFMFMEQ013.0 (MR PAQUETE DE INYECCION DE QUIMICOS),10.0,,,,,,,,,,,,
Section:FFMFMEQ013.0 (MR PAQUETE DE INYECCION DE QUIMICOS)_10_4.5,Section,FFMFMEQ013.0 (MR PAQUETE DE INYECCION DE QUIMICOS),10.0,4.5,REQUERIMIENTOS DE CONFIABILIDAD,,,,,,,,,,
Section:FFMFMEQ013.0 (MR PAQUETE DE INYECCION DE QUIMICOS)_11_NA,Section,FFMFMEQ013.0 (MR PAQUETE DE INYECCION DE QUIMICOS),11.0,,,,,,,,,,,,
Section:FFMFMEQ013.0 (MR PAQUETE DE INYECCION DE QUIMICOS)_11_4.6,Section,FFMFMEQ013.0 (MR PAQUETE DE INYECCION DE QUIMICOS),11.0,4.6,MARCAS HOMOLOGADAS DE ECOPETROL,,,,,,,,,,
Section:FFMFMEQ013.0 (MR PAQUETE DE INYECCION DE QUIMICOS)_11_4.7,Section,FFMFMEQ013.0 (MR PAQUETE DE INYECCION DE QUIMICOS),11.0,4.7,PROVEEDORES HOMOLOGADOS DE ECOPETROL,,,,,,,,,,
Section:FFMFMEQ013.0 (MR PAQUETE DE INYECCION DE QUIMICOS)_11_4.8,Section,FFMFMEQ013.0 (MR PAQUETE DE INYECCION DE QUIMICOS),11.0,4.8,REUNIONES DE INGENIERÍA Y VISITAS,,,,,,,,,,
Section:FFMFMEQ013.0 (MR PAQUETE DE INYECCION DE QUIMICOS)_11_4.9,Section,FFMFMEQ013.0 (MR PAQUETE DE INYECCION DE QUIMICOS),11.0,4.9,ASISTENCIA EN SITIO,,,,,,,,,,
Section:FFMFMEQ013.0 (MR PAQUETE DE INYECCION DE QUIMICOS)_12_NA,Section,FFMFMEQ013.0 (MR PAQUETE DE INYECCION DE QUIMICOS),12.0,,,,,,,,,,,,
Section:FFMFMEQ013.0 (MR PAQUETE DE INYECCION DE QUIMICOS)_12_4.1,Section,FFMFMEQ013.0 (MR PAQUETE DE INYECCION DE QUIMICOS),12.0,4.1,ENTRENAMIENTO,,,,,,,,,,
Section:FFMFMEQ013.0 (MR PAQUETE DE INYECCION DE QUIMICOS)_12_4.11,Section,FFMFMEQ013.0 (MR PAQUETE DE INYECCION DE QUIMICOS),12.0,4.11,REPUESTOS,,,,,,,,,,
Section:FFMFMEQ013.0 (MR PAQUETE DE INYECCION DE QUIMICOS)_12_4.12,Section,FFMFMEQ013.0 (MR PAQUETE DE INYECCION DE QUIMICOS),12.0,4.12,HERRAMIENTAS ESPECIALES,,,,,,,,,,
Section:FFMFMEQ013.0 (MR PAQUETE DE INYECCION DE QUIMICOS)_13_NA,Section,FFMFMEQ013.0 (MR PAQUETE DE INYECCION DE QUIMICOS),13.0,,,,,,,,,,,,
Section:FFMFMEQ013.0 (MR PAQUETE DE INYECCION DE QUIMICOS)_13_4.13,Section,FFMFMEQ013.0 (MR PAQUETE DE INYECCION DE QUIMICOS),13.0,4.13,DOCUMENTACIÓN,,,,,,,,,,
Section:FFMFMEQ013.0 (MR PAQUETE DE INYECCION DE QUIMICOS)_13_5.1,Section,FFMFMEQ013.0 (MR PAQUETE DE INYECCION DE QUIMICOS),13.0,5.1,REQUERIMIENTOS MECÁNICOS,,,,,,,,,,
Section:FFMFMEQ013.0 (MR PAQUETE DE INYECCION DE QUIMICOS)_13_5.2,Section,FFMFMEQ013.0 (MR PAQUETE DE INYECCION DE QUIMICOS),13.0,5.2,REQUERIMIENTOS DE TUBERÍA,,,,,,,,,,
Section:FFMFMEQ013.0 (MR PAQUETE DE INYECCION DE QUIMICOS)_14_NA,Section,FFMFMEQ013.0 (MR PAQUETE DE INYECCION DE QUIMICOS),14.0,,,,,,,,,,,,
Section:FFMFMEQ013.0 (MR PAQUETE DE INYECCION DE QUIMICOS)_14_5.3,Section,FFMFMEQ013.0 (MR PAQUETE DE INYECCION DE QUIMICOS),14.0,5.3,REQUERIMIENTOS ELÉCTRICOS,,,,,,,,,,
Section:FFMFMEQ013.0 (MR PAQUETE DE INYECCION DE QUIMICOS)_14_5.4,Section,FFMFMEQ013.0 (MR PAQUETE DE INYECCION DE QUIMICOS),14.0,5.4,REQUERIMIENTOS DE INSTRUMENTACIÓN Y CONTROL,,,,,,,,,,
Section:FFMFMEQ013.0 (MR PAQUETE DE INYECCION DE QUIMICOS)_14_5.5,Section,FFMFMEQ013.0 (MR PAQUETE DE INYECCION DE QUIMICOS),14.0,5.5,REQUERIMIENTOS ESTRUCTURALES Y CIVILES,,,,,,,,,,
Section:FFMFMEQ013.0 (MR PAQUETE DE INYECCION DE QUIMICOS)_14_5.6,Section,FFMFMEQ013.0 (MR PAQUETE DE INYECCION DE QUIMICOS),14.0,5.6,OTROS REQUERIMIENTOS,,,,,,,,,,
Section:FFMFMEQ013.0 (MR PAQUETE DE INYECCION DE QUIMICOS)_14_5.7,Section,FFMFMEQ013.0 (MR PAQUETE DE INYECCION DE QUIMICOS),14.0,5.7,EXTENSIÓN PRE-ENSAMBLE,,,,,,,,,,
Section:FFMFMEQ013.0 (MR PAQUETE DE INYECCION DE QUIMICOS)_15_NA,Section,FFMFMEQ013.0 (MR PAQUETE DE INYECCION DE QUIMICOS),15.0,,,,,,,,,,,,
Section:FFMFMEQ013.0 (MR PAQUETE DE INYECCION DE QUIMICOS)_15_5.8,Section,FFMFMEQ013.0 (MR PAQUETE DE INYECCION DE QUIMICOS),15.0,5.8,REQUERIMIENTOS DE PRE Y COMISIONAMIENTO,,,,,,,,,,
Section:FFMFMEQ013.0 (MR PAQUETE DE INYECCION DE QUIMICOS)_15_7.1,Section,FFMFMEQ013.0 (MR PAQUETE DE INYECCION DE QUIMICOS),15.0,7.1,SISTEMA DE ADMINISTRACIÓN DE LA CALIDAD (QMS),,,,,,,,,,
Section:FFMFMEQ013.0 (MR PAQUETE DE INYECCION DE QUIMICOS)_16_NA,Section,FFMFMEQ013.0 (MR PAQUETE DE INYECCION DE QUIMICOS),16.0,,,,,,,,,,,,
Section:FFMFMEQ013.0 (MR PAQUETE DE INYECCION DE QUIMICOS)_16_7.2,Section,FFMFMEQ013.0 (MR PAQUETE DE INYECCION DE QUIMICOS),16.0,7.2,NIVEL DE CRITICIDAD Y NIVEL DE INSPECCIÓN,,,,,,,,,,
Section:FFMFMEQ013.0 (MR PAQUETE DE INYECCION DE QUIMICOS)_16_7.3,Section,FFMFMEQ013.0 (MR PAQUETE DE INYECCION DE QUIMICOS),16.0,7.3,"PLAN DE INSPECCIÓN Y ENSAYOS (ITP), FIR",,,,,,,,,,
Section:FFMFMEQ013.0 (MR PAQUETE DE INYECCION DE QUIMICOS)_17_NA,Section,FFMFMEQ013.0 (MR PAQUETE DE INYECCION DE QUIMICOS),17.0,,,,,,,,,,,,
Section:FFMFMEQ013.0 (MR PAQUETE DE INYECCION DE QUIMICOS)_18_NA,Section,FFMFMEQ013.0 (MR PAQUETE DE INYECCION DE QUIMICOS),18.0,,,,,,,,,,,,
Section:FFMFMEQ013.0 (MR PAQUETE DE INYECCION DE QUIMICOS)_18_10.1,Section,FFMFMEQ013.0 (MR PAQUETE DE INYECCION DE QUIMICOS),18.0,10.1,LISTA DEL ALCANCE,,,,,,,,,,
Section:FFMFMEQ013.0 (MR PAQUETE DE INYECCION DE QUIMICOS)_18_1.1,Section,FFMFMEQ013.0 (MR PAQUETE DE INYECCION DE QUIMICOS),18.0,1.1,(1) UN,,,,,,,,,,
Section:FFMFMEQ013.0 (MR PAQUETE DE INYECCION DE QUIMICOS)_19_NA,Section,FFMFMEQ013.0 (MR PAQUETE DE INYECCION DE QUIMICOS),19.0,,,,,,,,,,,,
Section:FFMFMEQ013.0 (MR PAQUETE DE INYECCION DE QUIMICOS)_19_1.2,Section,FFMFMEQ013.0 (MR PAQUETE DE INYECCION DE QUIMICOS),19.0,1.2,1 GL --,,,,,,,,,,
Section:FFMFMEQ013.0 (MR PAQUETE DE INYECCION DE QUIMICOS)_19_1.3,Section,FFMFMEQ013.0 (MR PAQUETE DE INYECCION DE QUIMICOS),19.0,1.3,1 GL ---,,,,,,,,,,
Section:FFMFMEQ013.0 (MR PAQUETE DE INYECCION DE QUIMICOS)_19_1.4,Section,FFMFMEQ013.0 (MR PAQUETE DE INYECCION DE QUIMICOS),19.0,1.4,"1 GL --- comisionamiento, comisionamiento y puesta en",,,,,,,,,,
Section:FFMFMEQ013.0 (MR PAQUETE DE INYECCION DE QUIMICOS)_19_1.5,Section,FFMFMEQ013.0 (MR PAQUETE DE INYECCION DE QUIMICOS),19.0,1.5,1 GL ---,,,,,,,,,,
Section:FFMFMEQ013.0 (MR PAQUETE DE INYECCION DE QUIMICOS)_19_1.6,Section,FFMFMEQ013.0 (MR PAQUETE DE INYECCION DE QUIMICOS),19.0,1.6,1 Día --- (pre-comisionamiento y comisionamiento). Cotizar,,,,,,,,,,
Section:FFMFMEQ013.0 (MR PAQUETE DE INYECCION DE QUIMICOS)_19_10.2,Section,FFMFMEQ013.0 (MR PAQUETE DE INYECCION DE QUIMICOS),19.0,10.2,ESTÁNDARES DE REFERENCIA,,,,,,,,,,
Section:FFMFMEQ013.0 (MR PAQUETE DE INYECCION DE QUIMICOS)_20_NA,Section,FFMFMEQ013.0 (MR PAQUETE DE INYECCION DE QUIMICOS),20.0,,,,,,,,,,,,
Section:FFMFMEQ013.0 (MR PAQUETE DE INYECCION DE QUIMICOS)_20_10.3,Section,FFMFMEQ013.0 (MR PAQUETE DE INYECCION DE QUIMICOS),20.0,10.3,DOCUMENTOS DE REFERENCIA,,,,,,,,,,
Section:FFMFMEX033.1 (HD PAQUETE DE INYECCION DE QUIMICOS)_1_NA,Section,FFMFMEX033.1 (HD PAQUETE DE INYECCION DE QUIMICOS),1.0,,,,,,,,,,,,
Section:FFMFMEX033.1 (HD PAQUETE DE INYECCION DE QUIMICOS)_2_NA,Section,FFMFMEX033.1 (HD PAQUETE DE INYECCION DE QUIMICOS),2.0,,,,,,,,,,,,
Section:FFMFMEX033.1 (HD PAQUETE DE INYECCION DE QUIMICOS)_3_NA,Section,FFMFMEX033.1 (HD PAQUETE DE INYECCION DE QUIMICOS),3.0,,,,,,,,,,,,
Section:FFMFMEX033.1 (HD PAQUETE DE INYECCION DE QUIMICOS)_4_NA,Section,FFMFMEX033.1 (HD PAQUETE DE INYECCION DE QUIMICOS),4.0,,,,,,,,,,,,
Section:FFMFSME015.1 (ET Paquete de Inyección de Químicos)_1_NA,Section,FFMFSME015.1 (ET Paquete de Inyección de Químicos),1.0,,,,,,,,,,,,
Section:FFMFSME015.1 (ET Paquete de Inyección de Químicos)_2_NA,Section,FFMFSME015.1 (ET Paquete de Inyección de Químicos),2.0,,,,,,,,,,,,
Section:FFMFSME015.1 (ET Paquete de Inyección de Químicos)_3_NA,Section,FFMFSME015.1 (ET Paquete de Inyección de Químicos),3.0,,,,,,,,,,,,
Section:FFMFSME015.1 (ET Paquete de Inyección de Químicos)_3_1.1,Section,FFMFSME015.1 (ET Paquete de Inyección de Químicos),3.0,1.1,Objetivo ............................................................................................................................... 1,,,,,,,,,,
Section:FFMFSME015.1 (ET Paquete de Inyección de Químicos)_3_1.2,Section,FFMFSME015.1 (ET Paquete de Inyección de Químicos),3.0,1.2,Alcance ................................................................................................................................ 1,,,,,,,,,,
Section:FFMFSME015.1 (ET Paquete de Inyección de Químicos)_3_2.1,Section,FFMFSME015.1 (ET Paquete de Inyección de Químicos),3.0,2.1,Definiciones ......................................................................................................................... 2,,,,,,,,,,
Section:FFMFSME015.1 (ET Paquete de Inyección de Químicos)_3_2.2,Section,FFMFSME015.1 (ET Paquete de Inyección de Químicos),3.0,2.2,Abreviaturas ........................................................................................................................ 2,,,,,,,,,,
Section:FFMFSME015.1 (ET Paquete de Inyección de Químicos)_3_3.1,Section,FFMFSME015.1 (ET Paquete de Inyección de Químicos),3.0,3.1,Códigos y Estándares ......................................................................................................... 4,,,,,,,,,,
Section:FFMFSME015.1 (ET Paquete de Inyección de Químicos)_3_3.1.1,Section,FFMFSME015.1 (ET Paquete de Inyección de Químicos),3.0,3.1.1,American Petroleum Institute (API) ..................................................................... 4,,,,,,,,,,
Section:FFMFSME015.1 (ET Paquete de Inyección de Químicos)_3_3.1.3,Section,FFMFSME015.1 (ET Paquete de Inyección de Químicos),3.0,3.1.3,American Society for Testing and Materials (ASTM) ........................................... 5,,,,,,,,,,
Section:FFMFSME015.1 (ET Paquete de Inyección de Químicos)_3_3.1.4,Section,FFMFSME015.1 (ET Paquete de Inyección de Químicos),3.0,3.1.4,International Organization for Standardization (ISO)........................................... 5,,,,,,,,,,
Section:FFMFSME015.1 (ET Paquete de Inyección de Químicos)_3_3.1.5,Section,FFMFSME015.1 (ET Paquete de Inyección de Químicos),3.0,3.1.5,Institute of Electrical and Electronic Engineers (IEEE) ........................................ 6,,,,,,,,,,
Section:FFMFSME015.1 (ET Paquete de Inyección de Químicos)_3_3.1.6,Section,FFMFSME015.1 (ET Paquete de Inyección de Químicos),3.0,3.1.6,Instrument Society of America (ISA).................................................................... 6,,,,,,,,,,
Section:FFMFSME015.1 (ET Paquete de Inyección de Químicos)_3_3.1.7,Section,FFMFSME015.1 (ET Paquete de Inyección de Químicos),3.0,3.1.7,International Electrotechnical Commission (IEC) ................................................ 6,,,,,,,,,,
Section:FFMFSME015.1 (ET Paquete de Inyección de Químicos)_3_3.1.8,Section,FFMFSME015.1 (ET Paquete de Inyección de Químicos),3.0,3.1.8,American Welding Society (AWS) ....................................................................... 6,,,,,,,,,,
Section:FFMFSME015.1 (ET Paquete de Inyección de Químicos)_3_3.1.9,Section,FFMFSME015.1 (ET Paquete de Inyección de Químicos),3.0,3.1.9,Spanish Association for Standardization – UNE ................................................. 6,,,,,,,,,,
Section:FFMFSME015.1 (ET Paquete de Inyección de Químicos)_3_3.1.10,Section,FFMFSME015.1 (ET Paquete de Inyección de Químicos),3.0,3.1.10,Códigos y Estándares Nacionales ....................................................................... 6,,,,,,,,,,
Section:FFMFSME015.1 (ET Paquete de Inyección de Químicos)_3_3.1.11,Section,FFMFSME015.1 (ET Paquete de Inyección de Químicos),3.0,3.1.11,ECOPETROL ....................................................................................................... 7,,,,,,,,,,
Section:FFMFSME015.1 (ET Paquete de Inyección de Químicos)_3_3.2,Section,FFMFSME015.1 (ET Paquete de Inyección de Químicos),3.0,3.2,Documentos del Proyecto .................................................................................... 7,,,,,,,,,,
Section:FFMFSME015.1 (ET Paquete de Inyección de Químicos)_3_4.1,Section,FFMFSME015.1 (ET Paquete de Inyección de Químicos),3.0,4.1,Ubicación ............................................................................................................................. 8,,,,,,,,,,
Section:FFMFSME015.1 (ET Paquete de Inyección de Químicos)_3_4.2,Section,FFMFSME015.1 (ET Paquete de Inyección de Químicos),3.0,4.2,Condiciones del Sitio ........................................................................................................... 8,,,,,,,,,,
Section:FFMFSME015.1 (ET Paquete de Inyección de Químicos)_3_5.1,Section,FFMFSME015.1 (ET Paquete de Inyección de Químicos),3.0,5.1,Vida de servicio ................................................................................................................. 10,,,,,,,,,,
Section:FFMFSME015.1 (ET Paquete de Inyección de Químicos)_3_5.2,Section,FFMFSME015.1 (ET Paquete de Inyección de Químicos),3.0,5.2,Unidades de medida ......................................................................................................... 10,,,,,,,,,,
Section:FFMFSME015.1 (ET Paquete de Inyección de Químicos)_3_5.3,Section,FFMFSME015.1 (ET Paquete de Inyección de Químicos),3.0,5.3,Lenguaje ............................................................................................................................ 10,,,,,,,,,,
Section:FFMFSME015.1 (ET Paquete de Inyección de Químicos)_3_5.4,Section,FFMFSME015.1 (ET Paquete de Inyección de Químicos),3.0,5.4,Limitación de Ruido ........................................................................................................... 10,,,,,,,,,,
Section:FFMFSME015.1 (ET Paquete de Inyección de Químicos)_3_5.5,Section,FFMFSME015.1 (ET Paquete de Inyección de Químicos),3.0,5.5,Clasificación de Áreas Peligrosas ..................................................................................... 10,,,,,,,,,,
Section:FFMFSME015.1 (ET Paquete de Inyección de Químicos)_3_5.6,Section,FFMFSME015.1 (ET Paquete de Inyección de Químicos),3.0,5.6,Suministro de Energía ....................................................................................................... 10,,,,,,,,,,
Section:FFMFSME015.1 (ET Paquete de Inyección de Químicos)_3_5.7,Section,FFMFSME015.1 (ET Paquete de Inyección de Químicos),3.0,5.7,Área Disponible ................................................................................................................. 11,,,,,,,,,,
Section:FFMFSME015.1 (ET Paquete de Inyección de Químicos)_3_6.1,Section,FFMFSME015.1 (ET Paquete de Inyección de Químicos),3.0,6.1,Equipos y Componentes ................................................................................................... 12,,,,,,,,,,
Section:FFMFSME015.1 (ET Paquete de Inyección de Químicos)_3_6.2,Section,FFMFSME015.1 (ET Paquete de Inyección de Químicos),3.0,6.2,Servicios y Misceláneos .................................................................................................... 12,,,,,,,,,,
Section:FFMFSME015.1 (ET Paquete de Inyección de Químicos)_3_6.3,Section,FFMFSME015.1 (ET Paquete de Inyección de Químicos),3.0,6.3,Exclusiones ....................................................................................................................... 13,,,,,,,,,,
Section:FFMFSME015.1 (ET Paquete de Inyección de Químicos)_3_6.4,Section,FFMFSME015.1 (ET Paquete de Inyección de Químicos),3.0,6.4,Límites de Batería ............................................................................................................. 14,,,,,,,,,,
Section:FFMFSME015.1 (ET Paquete de Inyección de Químicos)_3_6.4.1,Section,FFMFSME015.1 (ET Paquete de Inyección de Químicos),3.0,6.4.1,Tubería ............................................................................................................... 14,,,,,,,,,,
Section:FFMFSME015.1 (ET Paquete de Inyección de Químicos)_3_6.4.2,Section,FFMFSME015.1 (ET Paquete de Inyección de Químicos),3.0,6.4.2,Electricidad ........................................................................................................ 14,,,,,,,,,,
Section:FFMFSME015.1 (ET Paquete de Inyección de Químicos)_3_6.4.3,Section,FFMFSME015.1 (ET Paquete de Inyección de Químicos),3.0,6.4.3,Instrumentación y Control .................................................................................. 14,,,,,,,,,,
Section:FFMFSME015.1 (ET Paquete de Inyección de Químicos)_4_NA,Section,FFMFSME015.1 (ET Paquete de Inyección de Químicos),4.0,,,,,,,,,,,,
Section:FFMFSME015.1 (ET Paquete de Inyección de Químicos)_4_6.4.4,Section,FFMFSME015.1 (ET Paquete de Inyección de Químicos),4.0,6.4.4,Civiles ................................................................................................................ 15,,,,,,,,,,
Section:FFMFSME015.1 (ET Paquete de Inyección de Químicos)_4_7.1,Section,FFMFSME015.1 (ET Paquete de Inyección de Químicos),4.0,7.1,General .............................................................................................................................. 16,,,,,,,,,,
Section:FFMFSME015.1 (ET Paquete de Inyección de Químicos)_4_7.2,Section,FFMFSME015.1 (ET Paquete de Inyección de Químicos),4.0,7.2,Procesos ........................................................................................................................... 17,,,,,,,,,,
Section:FFMFSME015.1 (ET Paquete de Inyección de Químicos)_4_7.2.1,Section,FFMFSME015.1 (ET Paquete de Inyección de Químicos),4.0,7.2.1,Conexiones a Procesos .................................................................................................... 18,,,,,,,,,,
Section:FFMFSME015.1 (ET Paquete de Inyección de Químicos)_4_7.3,Section,FFMFSME015.1 (ET Paquete de Inyección de Químicos),4.0,7.3,Mecánica ........................................................................................................................... 19,,,,,,,,,,
Section:FFMFSME015.1 (ET Paquete de Inyección de Químicos)_4_7.3.1,Section,FFMFSME015.1 (ET Paquete de Inyección de Químicos),4.0,7.3.1,Bombas de dosificación ..................................................................................... 19,,,,,,,,,,
Section:FFMFSME015.1 (ET Paquete de Inyección de Químicos)_4_7.3.2,Section,FFMFSME015.1 (ET Paquete de Inyección de Químicos),4.0,7.3.2,Tanques de Almacenamiento ............................................................................ 20,,,,,,,,,,
Section:FFMFSME015.1 (ET Paquete de Inyección de Químicos)_4_7.3.3,Section,FFMFSME015.1 (ET Paquete de Inyección de Químicos),4.0,7.3.3,Boquilla de inyección (Quill) .............................................................................. 20,,,,,,,,,,
Section:FFMFSME015.1 (ET Paquete de Inyección de Químicos)_4_7.4,Section,FFMFSME015.1 (ET Paquete de Inyección de Químicos),4.0,7.4,Tubería .............................................................................................................................. 21,,,,,,,,,,
Section:FFMFSME015.1 (ET Paquete de Inyección de Químicos)_4_7.5,Section,FFMFSME015.1 (ET Paquete de Inyección de Químicos),4.0,7.5,Estructurales y Civiles ....................................................................................................... 21,,,,,,,,,,
Section:FFMFSME015.1 (ET Paquete de Inyección de Químicos)_4_7.6,Section,FFMFSME015.1 (ET Paquete de Inyección de Químicos),4.0,7.6,Electricidad ........................................................................................................................ 22,,,,,,,,,,
Section:FFMFSME015.1 (ET Paquete de Inyección de Químicos)_4_7.6.1,Section,FFMFSME015.1 (ET Paquete de Inyección de Químicos),4.0,7.6.1,Tablero de Potencia ........................................................................................... 23,,,,,,,,,,
Section:FFMFSME015.1 (ET Paquete de Inyección de Químicos)_4_7.6.2,Section,FFMFSME015.1 (ET Paquete de Inyección de Químicos),4.0,7.6.2,Interruptores ....................................................................................................... 23,,,,,,,,,,
Section:FFMFSME015.1 (ET Paquete de Inyección de Químicos)_4_7.6.3,Section,FFMFSME015.1 (ET Paquete de Inyección de Químicos),4.0,7.6.3,Contactores ........................................................................................................ 24,,,,,,,,,,
Section:FFMFSME015.1 (ET Paquete de Inyección de Químicos)_4_7.6.4,Section,FFMFSME015.1 (ET Paquete de Inyección de Químicos),4.0,7.6.4,Botones pulsadores ........................................................................................... 24,,,,,,,,,,
Section:FFMFSME015.1 (ET Paquete de Inyección de Químicos)_4_7.6.5,Section,FFMFSME015.1 (ET Paquete de Inyección de Químicos),4.0,7.6.5,Transformadores de Control .............................................................................. 24,,,,,,,,,,
Section:FFMFSME015.1 (ET Paquete de Inyección de Químicos)_4_7.6.6,Section,FFMFSME015.1 (ET Paquete de Inyección de Químicos),4.0,7.6.6,Lámparas de Señalización ................................................................................ 24,,,,,,,,,,
Section:FFMFSME015.1 (ET Paquete de Inyección de Químicos)_4_7.6.7,Section,FFMFSME015.1 (ET Paquete de Inyección de Químicos),4.0,7.6.7,Cableado y Conexionado .................................................................................. 25,,,,,,,,,,
Section:FFMFSME015.1 (ET Paquete de Inyección de Químicos)_4_7.6.8,Section,FFMFSME015.1 (ET Paquete de Inyección de Químicos),4.0,7.6.8,Motores Eléctricos ............................................................................................. 25,,,,,,,,,,
Section:FFMFSME015.1 (ET Paquete de Inyección de Químicos)_4_7.7,Section,FFMFSME015.1 (ET Paquete de Inyección de Químicos),4.0,7.7,Instrumentación y Control ................................................................................................. 25,,,,,,,,,,
Section:FFMFSME015.1 (ET Paquete de Inyección de Químicos)_4_7.7.1,Section,FFMFSME015.1 (ET Paquete de Inyección de Químicos),4.0,7.7.1,Indicadores de Presión ...................................................................................... 27,,,,,,,,,,
Section:FFMFSME015.1 (ET Paquete de Inyección de Químicos)_4_7.7.2,Section,FFMFSME015.1 (ET Paquete de Inyección de Químicos),4.0,7.7.2,Transmisores de Presión ................................................................................... 28,,,,,,,,,,
Section:FFMFSME015.1 (ET Paquete de Inyección de Químicos)_4_7.7.3,Section,FFMFSME015.1 (ET Paquete de Inyección de Químicos),4.0,7.7.3,Válvulas de Alivio ............................................................................................... 28,,,,,,,,,,
Section:FFMFSME015.1 (ET Paquete de Inyección de Químicos)_4_7.7.4,Section,FFMFSME015.1 (ET Paquete de Inyección de Químicos),4.0,7.7.4,Clasificación Eléctrica de Instrumentos ............................................................. 29,,,,,,,,,,
Section:FFMFSME015.1 (ET Paquete de Inyección de Químicos)_4_7.8,Section,FFMFSME015.1 (ET Paquete de Inyección de Químicos),4.0,7.8,Pintura y Recubrimiento .................................................................................................... 29,,,,,,,,,,
Section:FFMFSME015.1 (ET Paquete de Inyección de Químicos)_4_7.9,Section,FFMFSME015.1 (ET Paquete de Inyección de Químicos),4.0,7.9,Placa de Identificación y Estampado ................................................................................ 30,,,,,,,,,,
Section:FFMFSME015.1 (ET Paquete de Inyección de Químicos)_4_7.10,Section,FFMFSME015.1 (ET Paquete de Inyección de Químicos),4.0,7.10,Materiales .......................................................................................................................... 30,,,,,,,,,,
Section:FFMFSME015.1 (ET Paquete de Inyección de Químicos)_4_8.1,Section,FFMFSME015.1 (ET Paquete de Inyección de Químicos),4.0,8.1,Requerimientos de trazabilidad de los materiales ............................................................ 32,,,,,,,,,,
Section:FFMFSME015.1 (ET Paquete de Inyección de Químicos)_4_8.2,Section,FFMFSME015.1 (ET Paquete de Inyección de Químicos),4.0,8.2,Pruebas ............................................................................................................................. 32,,,,,,,,,,
Section:FFMFSME015.1 (ET Paquete de Inyección de Químicos)_4_8.3,Section,FFMFSME015.1 (ET Paquete de Inyección de Químicos),4.0,8.3,Inspección no Destructiva ................................................................................................. 33,,,,,,,,,,
Section:FFMFSME015.1 (ET Paquete de Inyección de Químicos)_4_8.3.1,Section,FFMFSME015.1 (ET Paquete de Inyección de Químicos),4.0,8.3.1,Pruebas de presión ............................................................................................ 33,,,,,,,,,,
Section:FFMFSME015.1 (ET Paquete de Inyección de Químicos)_4_8.3.2,Section,FFMFSME015.1 (ET Paquete de Inyección de Químicos),4.0,8.3.2,FAT .................................................................................................................... 33,,,,,,,,,,
Section:FFMFSME015.1 (ET Paquete de Inyección de Químicos)_4_10.1,Section,FFMFSME015.1 (ET Paquete de Inyección de Químicos),4.0,10.1,Herramientas Especiales .................................................................................................. 35,,,,,,,,,,
Section:FFMFSME015.1 (ET Paquete de Inyección de Químicos)_4_11.1,Section,FFMFSME015.1 (ET Paquete de Inyección de Químicos),4.0,11.1,Embalaje ........................................................................................................................... 36,,,,,,,,,,
Section:FFMFSME015.1 (ET Paquete de Inyección de Químicos)_4_11.2,Section,FFMFSME015.1 (ET Paquete de Inyección de Químicos),4.0,11.2,Marcado de Envío ............................................................................................................. 37,,,,,,,,,,
Section:FFMFSME015.1 (ET Paquete de Inyección de Químicos)_5_NA,Section,FFMFSME015.1 (ET Paquete de Inyección de Químicos),5.0,,,,,,,,,,,,
Section:FFMFSME015.1 (ET Paquete de Inyección de Químicos)_5_12.1,Section,FFMFSME015.1 (ET Paquete de Inyección de Químicos),5.0,12.1,General .............................................................................................................................. 38,,,,,,,,,,
Section:FFMFSME015.1 (ET Paquete de Inyección de Químicos)_5_12.2,Section,FFMFSME015.1 (ET Paquete de Inyección de Químicos),5.0,12.2,Certificados de Pruebas y Documentación de las Pruebas .............................. 40,,,,,,,,,,
Section:FFMFSME015.1 (ET Paquete de Inyección de Químicos)_5_12.3,Section,FFMFSME015.1 (ET Paquete de Inyección de Químicos),5.0,12.3,Certificados de Material..................................................................................................... 40,,,,,,,,,,
Section:FFMFSME015.1 (ET Paquete de Inyección de Químicos)_5_12.4,Section,FFMFSME015.1 (ET Paquete de Inyección de Químicos),5.0,12.4,Manual de Instrucciones ................................................................................................... 40,,,,,,,,,,
Section:FFMFSME015.1 (ET Paquete de Inyección de Químicos)_6_NA,Section,FFMFSME015.1 (ET Paquete de Inyección de Químicos),6.0,,,,,,,,,,,,
Section:FFMFSME015.1 (ET Paquete de Inyección de Químicos)_7_NA,Section,FFMFSME015.1 (ET Paquete de Inyección de Químicos),7.0,,,,,,,,,,,,
Section:FFMFSME015.1 (ET Paquete de Inyección de Químicos)_7_1.1,Section,FFMFSME015.1 (ET Paquete de Inyección de Químicos),7.0,1.1,Objetivo,,,,,,,,,,
Section:FFMFSME015.1 (ET Paquete de Inyección de Químicos)_7_1.2,Section,FFMFSME015.1 (ET Paquete de Inyección de Químicos),7.0,1.2,Alcance,,,,,,,,,,
Section:FFMFSME015.1 (ET Paquete de Inyección de Químicos)_8_NA,Section,FFMFSME015.1 (ET Paquete de Inyección de Químicos),8.0,,,,,,,,,,,,
Section:FFMFSME015.1 (ET Paquete de Inyección de Químicos)_8_2.1,Section,FFMFSME015.1 (ET Paquete de Inyección de Químicos),8.0,2.1,Definiciones,,,,,,,,,,
Section:FFMFSME015.1 (ET Paquete de Inyección de Químicos)_8_2.2,Section,FFMFSME015.1 (ET Paquete de Inyección de Químicos),8.0,2.2,Abreviaturas,,,,,,,,,,
Section:FFMFSME015.1 (ET Paquete de Inyección de Químicos)_9_NA,Section,FFMFSME015.1 (ET Paquete de Inyección de Químicos),9.0,,,,,,,,,,,,
Section:FFMFSME015.1 (ET Paquete de Inyección de Químicos)_10_NA,Section,FFMFSME015.1 (ET Paquete de Inyección de Químicos),10.0,,,,,,,,,,,,
Section:FFMFSME015.1 (ET Paquete de Inyección de Químicos)_10_3.1,Section,FFMFSME015.1 (ET Paquete de Inyección de Químicos),10.0,3.1,Códigos y Estándares,,,,,,,,,,
Section:FFMFSME015.1 (ET Paquete de Inyección de Químicos)_10_3.1.1,Section,FFMFSME015.1 (ET Paquete de Inyección de Químicos),10.0,3.1.1,American Petroleum Institute (API),,,,,,,,,,
Section:FFMFSME015.1 (ET Paquete de Inyección de Químicos)_10_3.1.2,Section,FFMFSME015.1 (ET Paquete de Inyección de Químicos),10.0,3.1.2,American Society of Mechanical Engineers (ASME),,,,,,,,,,
Section:FFMFSME015.1 (ET Paquete de Inyección de Químicos)_11_NA,Section,FFMFSME015.1 (ET Paquete de Inyección de Químicos),11.0,,,,,,,,,,,,
Section:FFMFSME015.1 (ET Paquete de Inyección de Químicos)_11_3.1.3,Section,FFMFSME015.1 (ET Paquete de Inyección de Químicos),11.0,3.1.3,American Society for Testing and Materials (ASTM),,,,,,,,,,
Section:FFMFSME015.1 (ET Paquete de Inyección de Químicos)_11_3.1.4,Section,FFMFSME015.1 (ET Paquete de Inyección de Químicos),11.0,3.1.4,International Organization for Standardization (ISO),,,,,,,,,,
Section:FFMFSME015.1 (ET Paquete de Inyección de Químicos)_12_NA,Section,FFMFSME015.1 (ET Paquete de Inyección de Químicos),12.0,,,,,,,,,,,,
Section:FFMFSME015.1 (ET Paquete de Inyección de Químicos)_12_3.1.5,Section,FFMFSME015.1 (ET Paquete de Inyección de Químicos),12.0,3.1.5,Institute of Electrical and Electronic Engineers (IEEE),,,,,,,,,,
Section:FFMFSME015.1 (ET Paquete de Inyección de Químicos)_12_3.1.6,Section,FFMFSME015.1 (ET Paquete de Inyección de Químicos),12.0,3.1.6,Instrument Society of America (ISA),,,,,,,,,,
Section:FFMFSME015.1 (ET Paquete de Inyección de Químicos)_12_3.1.7,Section,FFMFSME015.1 (ET Paquete de Inyección de Químicos),12.0,3.1.7,International Electrotechnical Commission (IEC),,,,,,,,,,
Section:FFMFSME015.1 (ET Paquete de Inyección de Químicos)_12_3.1.8,Section,FFMFSME015.1 (ET Paquete de Inyección de Químicos),12.0,3.1.8,American Welding Society (AWS),,,,,,,,,,
Section:FFMFSME015.1 (ET Paquete de Inyección de Químicos)_12_3.1.9,Section,FFMFSME015.1 (ET Paquete de Inyección de Químicos),12.0,3.1.9,Spanish Association for Standardization – UNE,,,,,,,,,,
Section:FFMFSME015.1 (ET Paquete de Inyección de Químicos)_12_3.1.10,Section,FFMFSME015.1 (ET Paquete de Inyección de Químicos),12.0,3.1.10,Códigos y Estándares Nacionales,,,,,,,,,,
Section:FFMFSME015.1 (ET Paquete de Inyección de Químicos)_13_NA,Section,FFMFSME015.1 (ET Paquete de Inyección de Químicos),13.0,,,,,,,,,,,,
Section:FFMFSME015.1 (ET Paquete de Inyección de Químicos)_13_3.1.11,Section,FFMFSME015.1 (ET Paquete de Inyección de Químicos),13.0,3.1.11,ECOPETROL,,,,,,,,,,
Section:FFMFSME015.1 (ET Paquete de Inyección de Químicos)_13_3.2,Section,FFMFSME015.1 (ET Paquete de Inyección de Químicos),13.0,3.2,Documentos del Proyecto,,,,,,,,,,
Section:FFMFSME015.1 (ET Paquete de Inyección de Químicos)_14_NA,Section,FFMFSME015.1 (ET Paquete de Inyección de Químicos),14.0,,,,,,,,,,,,
Section:FFMFSME015.1 (ET Paquete de Inyección de Químicos)_14_4.1,Section,FFMFSME015.1 (ET Paquete de Inyección de Químicos),14.0,4.1,Ubicación,,,,,,,,,,
Section:FFMFSME015.1 (ET Paquete de Inyección de Químicos)_14_4.2,Section,FFMFSME015.1 (ET Paquete de Inyección de Químicos),14.0,4.2,Condiciones del Sitio,,,,,,,,,,
Section:FFMFSME015.1 (ET Paquete de Inyección de Químicos)_15_NA,Section,FFMFSME015.1 (ET Paquete de Inyección de Químicos),15.0,,,,,,,,,,,,
Section:FFMFSME015.1 (ET Paquete de Inyección de Químicos)_16_NA,Section,FFMFSME015.1 (ET Paquete de Inyección de Químicos),16.0,,,,,,,,,,,,
Section:FFMFSME015.1 (ET Paquete de Inyección de Químicos)_16_5.1,Section,FFMFSME015.1 (ET Paquete de Inyección de Químicos),16.0,5.1,Vida de servicio,,,,,,,,,,
Section:FFMFSME015.1 (ET Paquete de Inyección de Químicos)_16_5.2,Section,FFMFSME015.1 (ET Paquete de Inyección de Químicos),16.0,5.2,Unidades de medida,,,,,,,,,,
Section:FFMFSME015.1 (ET Paquete de Inyección de Químicos)_16_5.3,Section,FFMFSME015.1 (ET Paquete de Inyección de Químicos),16.0,5.3,Lenguaje,,,,,,,,,,
Section:FFMFSME015.1 (ET Paquete de Inyección de Químicos)_16_5.4,Section,FFMFSME015.1 (ET Paquete de Inyección de Químicos),16.0,5.4,Limitación de Ruido,,,,,,,,,,
Section:FFMFSME015.1 (ET Paquete de Inyección de Químicos)_16_5.5,Section,FFMFSME015.1 (ET Paquete de Inyección de Químicos),16.0,5.5,Clasificación de Áreas Peligrosas,,,,,,,,,,
Section:FFMFSME015.1 (ET Paquete de Inyección de Químicos)_16_5.6,Section,FFMFSME015.1 (ET Paquete de Inyección de Químicos),16.0,5.6,Suministro de Energía,,,,,,,,,,
Section:FFMFSME015.1 (ET Paquete de Inyección de Químicos)_17_NA,Section,FFMFSME015.1 (ET Paquete de Inyección de Químicos),17.0,,,,,,,,,,,,
Section:FFMFSME015.1 (ET Paquete de Inyección de Químicos)_17_5.7,Section,FFMFSME015.1 (ET Paquete de Inyección de Químicos),17.0,5.7,Área Disponible,,,,,,,,,,
Section:FFMFSME015.1 (ET Paquete de Inyección de Químicos)_18_NA,Section,FFMFSME015.1 (ET Paquete de Inyección de Químicos),18.0,,,,,,,,,,,,
Section:FFMFSME015.1 (ET Paquete de Inyección de Químicos)_18_6.1,Section,FFMFSME015.1 (ET Paquete de Inyección de Químicos),18.0,6.1,Equipos y Componentes,,,,,,,,,,
Section:FFMFSME015.1 (ET Paquete de Inyección de Químicos)_18_6.2,Section,FFMFSME015.1 (ET Paquete de Inyección de Químicos),18.0,6.2,Servicios y Misceláneos,,,,,,,,,,
Section:FFMFSME015.1 (ET Paquete de Inyección de Químicos)_19_NA,Section,FFMFSME015.1 (ET Paquete de Inyección de Químicos),19.0,,,,,,,,,,,,
Section:FFMFSME015.1 (ET Paquete de Inyección de Químicos)_19_6.3,Section,FFMFSME015.1 (ET Paquete de Inyección de Químicos),19.0,6.3,Exclusiones,,,,,,,,,,
Section:FFMFSME015.1 (ET Paquete de Inyección de Químicos)_20_NA,Section,FFMFSME015.1 (ET Paquete de Inyección de Químicos),20.0,,,,,,,,,,,,
Section:FFMFSME015.1 (ET Paquete de Inyección de Químicos)_20_6.4,Section,FFMFSME015.1 (ET Paquete de Inyección de Químicos),20.0,6.4,Límites de Batería,,,,,,,,,,
Section:FFMFSME015.1 (ET Paquete de Inyección de Químicos)_20_6.4.1,Section,FFMFSME015.1 (ET Paquete de Inyección de Químicos),20.0,6.4.1,Tubería,,,,,,,,,,
Section:FFMFSME015.1 (ET Paquete de Inyección de Químicos)_20_6.4.2,Section,FFMFSME015.1 (ET Paquete de Inyección de Químicos),20.0,6.4.2,Electricidad,,,,,,,,,,
Section:FFMFSME015.1 (ET Paquete de Inyección de Químicos)_20_6.4.3,Section,FFMFSME015.1 (ET Paquete de Inyección de Químicos),20.0,6.4.3,Instrumentación y Control,,,,,,,,,,
Section:FFMFSME015.1 (ET Paquete de Inyección de Químicos)_21_NA,Section,FFMFSME015.1 (ET Paquete de Inyección de Químicos),21.0,,,,,,,,,,,,
Section:FFMFSME015.1 (ET Paquete de Inyección de Químicos)_21_6.4.4,Section,FFMFSME015.1 (ET Paquete de Inyección de Químicos),21.0,6.4.4,Civiles,,,,,,,,,,
Section:FFMFSME015.1 (ET Paquete de Inyección de Químicos)_22_NA,Section,FFMFSME015.1 (ET Paquete de Inyección de Químicos),22.0,,,,,,,,,,,,
Section:FFMFSME015.1 (ET Paquete de Inyección de Químicos)_22_7.1,Section,FFMFSME015.1 (ET Paquete de Inyección de Químicos),22.0,7.1,General,,,,,,,,,,
Section:FFMFSME015.1 (ET Paquete de Inyección de Químicos)_23_NA,Section,FFMFSME015.1 (ET Paquete de Inyección de Químicos),23.0,,,,,,,,,,,,
Section:FFMFSME015.1 (ET Paquete de Inyección de Químicos)_23_7.2,Section,FFMFSME015.1 (ET Paquete de Inyección de Químicos),23.0,7.2,Procesos,,,,,,,,,,
Section:FFMFSME015.1 (ET Paquete de Inyección de Químicos)_24_NA,Section,FFMFSME015.1 (ET Paquete de Inyección de Químicos),24.0,,,,,,,,,,,,
Section:FFMFSME015.1 (ET Paquete de Inyección de Químicos)_24_7.2.1,Section,FFMFSME015.1 (ET Paquete de Inyección de Químicos),24.0,7.2.1,Conexiones a Procesos,,,,,,,,,,
Section:FFMFSME015.1 (ET Paquete de Inyección de Químicos)_25_NA,Section,FFMFSME015.1 (ET Paquete de Inyección de Químicos),25.0,,,,,,,,,,,,
Section:FFMFSME015.1 (ET Paquete de Inyección de Químicos)_25_7.3,Section,FFMFSME015.1 (ET Paquete de Inyección de Químicos),25.0,7.3,Mecánica,,,,,,,,,,
Section:FFMFSME015.1 (ET Paquete de Inyección de Químicos)_25_7.3.1,Section,FFMFSME015.1 (ET Paquete de Inyección de Químicos),25.0,7.3.1,Bombas de dosificación,,,,,,,,,,
Section:FFMFSME015.1 (ET Paquete de Inyección de Químicos)_26_NA,Section,FFMFSME015.1 (ET Paquete de Inyección de Químicos),26.0,,,,,,,,,,,,
Section:FFMFSME015.1 (ET Paquete de Inyección de Químicos)_26_7.3.2,Section,FFMFSME015.1 (ET Paquete de Inyección de Químicos),26.0,7.3.2,Tanques de Almacenamiento,,,,,,,,,,
Section:FFMFSME015.1 (ET Paquete de Inyección de Químicos)_26_7.3.3,Section,FFMFSME015.1 (ET Paquete de Inyección de Químicos),26.0,7.3.3,Boquilla de inyección (Quill),,,,,,,,,,
Section:FFMFSME015.1 (ET Paquete de Inyección de Químicos)_27_NA,Section,FFMFSME015.1 (ET Paquete de Inyección de Químicos),27.0,,,,,,,,,,,,
Section:FFMFSME015.1 (ET Paquete de Inyección de Químicos)_27_7.4,Section,FFMFSME015.1 (ET Paquete de Inyección de Químicos),27.0,7.4,Tubería,,,,,,,,,,
Section:FFMFSME015.1 (ET Paquete de Inyección de Químicos)_27_7.5,Section,FFMFSME015.1 (ET Paquete de Inyección de Químicos),27.0,7.5,Estructurales y Civiles,,,,,,,,,,
Section:FFMFSME015.1 (ET Paquete de Inyección de Químicos)_28_NA,Section,FFMFSME015.1 (ET Paquete de Inyección de Químicos),28.0,,,,,,,,,,,,
Section:FFMFSME015.1 (ET Paquete de Inyección de Químicos)_28_7.6,Section,FFMFSME015.1 (ET Paquete de Inyección de Químicos),28.0,7.6,Electricidad,,,,,,,,,,
Section:FFMFSME015.1 (ET Paquete de Inyección de Químicos)_29_NA,Section,FFMFSME015.1 (ET Paquete de Inyección de Químicos),29.0,,,,,,,,,,,,
Section:FFMFSME015.1 (ET Paquete de Inyección de Químicos)_29_7.6.1,Section,FFMFSME015.1 (ET Paquete de Inyección de Químicos),29.0,7.6.1,Tablero de Potencia,,,,,,,,,,
Section:FFMFSME015.1 (ET Paquete de Inyección de Químicos)_29_7.6.2,Section,FFMFSME015.1 (ET Paquete de Inyección de Químicos),29.0,7.6.2,Interruptores,,,,,,,,,,
Section:FFMFSME015.1 (ET Paquete de Inyección de Químicos)_30_NA,Section,FFMFSME015.1 (ET Paquete de Inyección de Químicos),30.0,,,,,,,,,,,,
Section:FFMFSME015.1 (ET Paquete de Inyección de Químicos)_30_7.6.3,Section,FFMFSME015.1 (ET Paquete de Inyección de Químicos),30.0,7.6.3,Contactores,,,,,,,,,,
Section:FFMFSME015.1 (ET Paquete de Inyección de Químicos)_30_7.6.4,Section,FFMFSME015.1 (ET Paquete de Inyección de Químicos),30.0,7.6.4,Botones pulsadores,,,,,,,,,,
Section:FFMFSME015.1 (ET Paquete de Inyección de Químicos)_30_7.6.5,Section,FFMFSME015.1 (ET Paquete de Inyección de Químicos),30.0,7.6.5,Transformadores de Control,,,,,,,,,,
Section:FFMFSME015.1 (ET Paquete de Inyección de Químicos)_30_7.6.6,Section,FFMFSME015.1 (ET Paquete de Inyección de Químicos),30.0,7.6.6,Lámparas de Señalización,,,,,,,,,,
Section:FFMFSME015.1 (ET Paquete de Inyección de Químicos)_31_NA,Section,FFMFSME015.1 (ET Paquete de Inyección de Químicos),31.0,,,,,,,,,,,,
Section:FFMFSME015.1 (ET Paquete de Inyección de Químicos)_31_7.6.7,Section,FFMFSME015.1 (ET Paquete de Inyección de Químicos),31.0,7.6.7,Cableado y Conexionado,,,,,,,,,,
Section:FFMFSME015.1 (ET Paquete de Inyección de Químicos)_31_7.6.8,Section,FFMFSME015.1 (ET Paquete de Inyección de Químicos),31.0,7.6.8,Motores Eléctricos,,,,,,,,,,
Section:FFMFSME015.1 (ET Paquete de Inyección de Químicos)_31_7.7,Section,FFMFSME015.1 (ET Paquete de Inyección de Químicos),31.0,7.7,Instrumentación y Control,,,,,,,,,,
Section:FFMFSME015.1 (ET Paquete de Inyección de Químicos)_32_NA,Section,FFMFSME015.1 (ET Paquete de Inyección de Químicos),32.0,,,,,,,,,,,,
Section:FFMFSME015.1 (ET Paquete de Inyección de Químicos)_33_NA,Section,FFMFSME015.1 (ET Paquete de Inyección de Químicos),33.0,,,,,,,,,,,,
Section:FFMFSME015.1 (ET Paquete de Inyección de Químicos)_33_7.7.1,Section,FFMFSME015.1 (ET Paquete de Inyección de Químicos),33.0,7.7.1,Indicadores de Presión,,,,,,,,,,
Section:FFMFSME015.1 (ET Paquete de Inyección de Químicos)_34_NA,Section,FFMFSME015.1 (ET Paquete de Inyección de Químicos),34.0,,,,,,,,,,,,
Section:FFMFSME015.1 (ET Paquete de Inyección de Químicos)_34_7.7.2,Section,FFMFSME015.1 (ET Paquete de Inyección de Químicos),34.0,7.7.2,Transmisores de Presión,,,,,,,,,,
Section:FFMFSME015.1 (ET Paquete de Inyección de Químicos)_34_7.7.3,Section,FFMFSME015.1 (ET Paquete de Inyección de Químicos),34.0,7.7.3,Válvulas de Alivio,,,,,,,,,,
Section:FFMFSME015.1 (ET Paquete de Inyección de Químicos)_35_NA,Section,FFMFSME015.1 (ET Paquete de Inyección de Químicos),35.0,,,,,,,,,,,,
Section:FFMFSME015.1 (ET Paquete de Inyección de Químicos)_35_7.7.4,Section,FFMFSME015.1 (ET Paquete de Inyección de Químicos),35.0,7.7.4,Clasificación Eléctrica de Instrumentos,,,,,,,,,,
Section:FFMFSME015.1 (ET Paquete de Inyección de Químicos)_35_7.8,Section,FFMFSME015.1 (ET Paquete de Inyección de Químicos),35.0,7.8,Pintura y Recubrimiento,,,,,,,,,,
Section:FFMFSME015.1 (ET Paquete de Inyección de Químicos)_36_NA,Section,FFMFSME015.1 (ET Paquete de Inyección de Químicos),36.0,,,,,,,,,,,,
Section:FFMFSME015.1 (ET Paquete de Inyección de Químicos)_36_7.9,Section,FFMFSME015.1 (ET Paquete de Inyección de Químicos),36.0,7.9,Placa de Identificación y Estampado,,,,,,,,,,
Section:FFMFSME015.1 (ET Paquete de Inyección de Químicos)_36_7.10,Section,FFMFSME015.1 (ET Paquete de Inyección de Químicos),36.0,7.10,Materiales,,,,,,,,,,
Section:FFMFSME015.1 (ET Paquete de Inyección de Químicos)_37_NA,Section,FFMFSME015.1 (ET Paquete de Inyección de Químicos),37.0,,,,,,,,,,,,
Section:FFMFSME015.1 (ET Paquete de Inyección de Químicos)_38_NA,Section,FFMFSME015.1 (ET Paquete de Inyección de Químicos),38.0,,,,,,,,,,,,
Section:FFMFSME015.1 (ET Paquete de Inyección de Químicos)_38_8.1,Section,FFMFSME015.1 (ET Paquete de Inyección de Químicos),38.0,8.1,Requerimientos de trazabilidad de los materiales,,,,,,,,,,
Section:FFMFSME015.1 (ET Paquete de Inyección de Químicos)_38_8.2,Section,FFMFSME015.1 (ET Paquete de Inyección de Químicos),38.0,8.2,Pruebas,,,,,,,,,,
Section:FFMFSME015.1 (ET Paquete de Inyección de Químicos)_39_NA,Section,FFMFSME015.1 (ET Paquete de Inyección de Químicos),39.0,,,,,,,,,,,,
Section:FFMFSME015.1 (ET Paquete de Inyección de Químicos)_39_8.3,Section,FFMFSME015.1 (ET Paquete de Inyección de Químicos),39.0,8.3,Inspección no Destructiva,,,,,,,,,,
Section:FFMFSME015.1 (ET Paquete de Inyección de Químicos)_39_8.3.1,Section,FFMFSME015.1 (ET Paquete de Inyección de Químicos),39.0,8.3.1,Pruebas de presión,,,,,,,,,,
Section:FFMFSME015.1 (ET Paquete de Inyección de Químicos)_39_8.3.2,Section,FFMFSME015.1 (ET Paquete de Inyección de Químicos),39.0,8.3.2,FAT,,,,,,,,,,
Section:FFMFSME015.1 (ET Paquete de Inyección de Químicos)_40_NA,Section,FFMFSME015.1 (ET Paquete de Inyección de Químicos),40.0,,,,,,,,,,,,
Section:FFMFSME015.1 (ET Paquete de Inyección de Químicos)_41_NA,Section,FFMFSME015.1 (ET Paquete de Inyección de Químicos),41.0,,,,,,,,,,,,
Section:FFMFSME015.1 (ET Paquete de Inyección de Químicos)_41_10.1,Section,FFMFSME015.1 (ET Paquete de Inyección de Químicos),41.0,10.1,Herramientas Especiales,,,,,,,,,,
Section:FFMFSME015.1 (ET Paquete de Inyección de Químicos)_42_NA,Section,FFMFSME015.1 (ET Paquete de Inyección de Químicos),42.0,,,,,,,,,,,,
Section:FFMFSME015.1 (ET Paquete de Inyección de Químicos)_42_11.1,Section,FFMFSME015.1 (ET Paquete de Inyección de Químicos),42.0,11.1,Embalaje,,,,,,,,,,
Section:FFMFSME015.1 (ET Paquete de Inyección de Químicos)_43_NA,Section,FFMFSME015.1 (ET Paquete de Inyección de Químicos),43.0,,,,,,,,,,,,
Section:FFMFSME015.1 (ET Paquete de Inyección de Químicos)_43_11.2,Section,FFMFSME015.1 (ET Paquete de Inyección de Químicos),43.0,11.2,Marcado de Envío,,,,,,,,,,
Section:FFMFSME015.1 (ET Paquete de Inyección de Químicos)_44_NA,Section,FFMFSME015.1 (ET Paquete de Inyección de Químicos),44.0,,,,,,,,,,,,
Section:FFMFSME015.1 (ET Paquete de Inyección de Químicos)_44_12.1,Section,FFMFSME015.1 (ET Paquete de Inyección de Químicos),44.0,12.1,General,,,,,,,,,,
Section:FFMFSME015.1 (ET Paquete de Inyección de Químicos)_45_NA,Section,FFMFSME015.1 (ET Paquete de Inyección de Químicos),45.0,,,,,,,,,,,,
Section:FFMFSME015.1 (ET Paquete de Inyección de Químicos)_46_NA,Section,FFMFSME015.1 (ET Paquete de Inyección de Químicos),46.0,,,,,,,,,,,,
Section:FFMFSME015.1 (ET Paquete de Inyección de Químicos)_46_12.2,Section,FFMFSME015.1 (ET Paquete de Inyección de Químicos),46.0,12.2,Certificados de Pruebas y Documentación de las Pruebas,,,,,,,,,,
Section:FFMFSME015.1 (ET Paquete de Inyección de Químicos)_46_12.3,Section,FFMFSME015.1 (ET Paquete de Inyección de Químicos),46.0,12.3,Certificados de Material,,,,,,,,,,
Section:FFMFSME015.1 (ET Paquete de Inyección de Químicos)_46_12.4,Section,FFMFSME015.1 (ET Paquete de Inyección de Químicos),46.0,12.4,Manual de Instrucciones,,,,,,,,,,
Section:FFMFSME015.1 (ET Paquete de Inyección de Químicos)_47_NA,Section,FFMFSME015.1 (ET Paquete de Inyección de Químicos),47.0,,,,,,,,,,,,
Section:FFMFSME015.1 (ET Paquete de Inyección de Químicos)_48_NA,Section,FFMFSME015.1 (ET Paquete de Inyección de Químicos),48.0,,,,,,,,,,,,
Section:FFMFSME015.1 (ET Paquete de Inyección de Químicos)_49_NA,Section,FFMFSME015.1 (ET Paquete de Inyección de Químicos),49.0,,,,,,,,,,,,
Table:FFMFMEQ013.0 (MR PAQUETE DE INYECCION DE QUIMICOS)::p001::t01,Table,FFMFMEQ013.0 (MR PAQUETE DE INYECCION DE QUIMICOS),1.0,,,1.0,FFMFMEQ013.0 (MR PAQUETE DE INYECCION DE QUIMICOS)::p001::t01,nan,nan,nan,1.0,,,,
Table:FFMFMEQ013.0 (MR PAQUETE DE INYECCION DE QUIMICOS)::p001::t02,Table,FFMFMEQ013.0 (MR PAQUETE DE INYECCION DE QUIMICOS),1.0,,,2.0,FFMFMEQ013.0 (MR PAQUETE DE INYECCION DE QUIMICOS)::p001::t02,nan,nan,nan,4.0,,,,
Table:FFMFMEQ013.0 (MR PAQUETE DE INYECCION DE QUIMICOS)::p001::t03,Table,FFMFMEQ013.0 (MR PAQUETE DE INYECCION DE QUIMICOS),1.0,,,3.0,FFMFMEQ013.0 (MR PAQUETE DE INYECCION DE QUIMICOS)::p001::t03,nan,nan,nan,6.0,,,,
Table:FFMFMEQ013.0 (MR PAQUETE DE INYECCION DE QUIMICOS)::p001::t04,Table,FFMFMEQ013.0 (MR PAQUETE DE INYECCION DE QUIMICOS),1.0,,,4.0,FFMFMEQ013.0 (MR PAQUETE DE INYECCION DE QUIMICOS)::p001::t04,nan,nan,nan,9.0,,,,
Table:FFMFMEQ013.0 (MR PAQUETE DE INYECCION DE QUIMICOS)::p003::t01,Table,FFMFMEQ013.0 (MR PAQUETE DE INYECCION DE QUIMICOS),3.0,,,1.0,FFMFMEQ013.0 (MR PAQUETE DE INYECCION DE QUIMICOS)::p003::t01,10.3,DOCUMENTOS DE REFERENCIA ............................................................................................................................ 20,nan,1.0,,,,
Table:FFMFMEQ013.0 (MR PAQUETE DE INYECCION DE QUIMICOS)::p003::t02,Table,FFMFMEQ013.0 (MR PAQUETE DE INYECCION DE QUIMICOS),3.0,,,2.0,FFMFMEQ013.0 (MR PAQUETE DE INYECCION DE QUIMICOS)::p003::t02,10.3,DOCUMENTOS DE REFERENCIA ............................................................................................................................ 20,nan,4.0,,,,
Table:FFMFMEQ013.0 (MR PAQUETE DE INYECCION DE QUIMICOS)::p005::t01,Table,FFMFMEQ013.0 (MR PAQUETE DE INYECCION DE QUIMICOS),5.0,,,1.0,FFMFMEQ013.0 (MR PAQUETE DE INYECCION DE QUIMICOS)::p005::t01,2.1,ALCANCE GENERAL,nan,1.0,,,,
Table:FFMFMEQ013.0 (MR PAQUETE DE INYECCION DE QUIMICOS)::p005::t02,Table,FFMFMEQ013.0 (MR PAQUETE DE INYECCION DE QUIMICOS),5.0,,,2.0,FFMFMEQ013.0 (MR PAQUETE DE INYECCION DE QUIMICOS)::p005::t02,2.1,ALCANCE GENERAL,nan,4.0,,,,
Table:FFMFMEQ013.0 (MR PAQUETE DE INYECCION DE QUIMICOS)::p005::t03,Table,FFMFMEQ013.0 (MR PAQUETE DE INYECCION DE QUIMICOS),5.0,,,3.0,FFMFMEQ013.0 (MR PAQUETE DE INYECCION DE QUIMICOS)::p005::t03,2.1,ALCANCE GENERAL,nan,6.0,,,,
Table:FFMFMEQ013.0 (MR PAQUETE DE INYECCION DE QUIMICOS)::p006::t01,Table,FFMFMEQ013.0 (MR PAQUETE DE INYECCION DE QUIMICOS),6.0,,,1.0,FFMFMEQ013.0 (MR PAQUETE DE INYECCION DE QUIMICOS)::p006::t01,4.2,PROPUESTAS ALTERNATIVAS,nan,1.0,,,,
Table:FFMFMEQ013.0 (MR PAQUETE DE INYECCION DE QUIMICOS)::p006::t02,Table,FFMFMEQ013.0 (MR PAQUETE DE INYECCION DE QUIMICOS),6.0,,,2.0,FFMFMEQ013.0 (MR PAQUETE DE INYECCION DE QUIMICOS)::p006::t02,4.2,PROPUESTAS ALTERNATIVAS,nan,4.0,,,,
Table:FFMFMEQ013.0 (MR PAQUETE DE INYECCION DE QUIMICOS)::p007::t01,Table,FFMFMEQ013.0 (MR PAQUETE DE INYECCION DE QUIMICOS),7.0,,,1.0,FFMFMEQ013.0 (MR PAQUETE DE INYECCION DE QUIMICOS)::p007::t01,4.4,DOCUMENTACIÓN REQUERIDA DESPUÉS DE LA ORDEN DE COMPRA,nan,1.0,,,,
Table:FFMFMEQ013.0 (MR PAQUETE DE INYECCION DE QUIMICOS)::p007::t02,Table,FFMFMEQ013.0 (MR PAQUETE DE INYECCION DE QUIMICOS),7.0,,,2.0,FFMFMEQ013.0 (MR PAQUETE DE INYECCION DE QUIMICOS)::p007::t02,4.4,DOCUMENTACIÓN REQUERIDA DESPUÉS DE LA ORDEN DE COMPRA,nan,4.0,,,,
Table:FFMFMEQ013.0 (MR PAQUETE DE INYECCION DE QUIMICOS)::p007::t03,Table,FFMFMEQ013.0 (MR PAQUETE DE INYECCION DE QUIMICOS),7.0,,,3.0,FFMFMEQ013.0 (MR PAQUETE DE INYECCION DE QUIMICOS)::p007::t03,4.4,DOCUMENTACIÓN REQUERIDA DESPUÉS DE LA ORDEN DE COMPRA,nan,6.0,,,,
Table:FFMFMEQ013.0 (MR PAQUETE DE INYECCION DE QUIMICOS)::p008::t01,Table,FFMFMEQ013.0 (MR PAQUETE DE INYECCION DE QUIMICOS),8.0,,,1.0,FFMFMEQ013.0 (MR PAQUETE DE INYECCION DE QUIMICOS)::p008::t01,4.4,DOCUMENTACIÓN REQUERIDA DESPUÉS DE LA ORDEN DE COMPRA,nan,1.0,,,,
Table:FFMFMEQ013.0 (MR PAQUETE DE INYECCION DE QUIMICOS)::p008::t02,Table,FFMFMEQ013.0 (MR PAQUETE DE INYECCION DE QUIMICOS),8.0,,,2.0,FFMFMEQ013.0 (MR PAQUETE DE INYECCION DE QUIMICOS)::p008::t02,4.4,DOCUMENTACIÓN REQUERIDA DESPUÉS DE LA ORDEN DE COMPRA,nan,4.0,,,,
Table:FFMFMEQ013.0 (MR PAQUETE DE INYECCION DE QUIMICOS)::p008::t03,Table,FFMFMEQ013.0 (MR PAQUETE DE INYECCION DE QUIMICOS),8.0,,,3.0,FFMFMEQ013.0 (MR PAQUETE DE INYECCION DE QUIMICOS)::p008::t03,4.4,DOCUMENTACIÓN REQUERIDA DESPUÉS DE LA ORDEN DE COMPRA,nan,6.0,,,,
Table:FFMFMEQ013.0 (MR PAQUETE DE INYECCION DE QUIMICOS)::p009::t01,Table,FFMFMEQ013.0 (MR PAQUETE DE INYECCION DE QUIMICOS),9.0,,,1.0,FFMFMEQ013.0 (MR PAQUETE DE INYECCION DE QUIMICOS)::p009::t01,nan,nan,nan,1.0,,,,
Table:FFMFMEQ013.0 (MR PAQUETE DE INYECCION DE QUIMICOS)::p009::t02,Table,FFMFMEQ013.0 (MR PAQUETE DE INYECCION DE QUIMICOS),9.0,,,2.0,FFMFMEQ013.0 (MR PAQUETE DE INYECCION DE QUIMICOS)::p009::t02,nan,nan,nan,4.0,,,,
Table:FFMFMEQ013.0 (MR PAQUETE DE INYECCION DE QUIMICOS)::p009::t03,Table,FFMFMEQ013.0 (MR PAQUETE DE INYECCION DE QUIMICOS),9.0,,,3.0,FFMFMEQ013.0 (MR PAQUETE DE INYECCION DE QUIMICOS)::p009::t03,nan,nan,nan,6.0,,,,
Table:FFMFMEQ013.0 (MR PAQUETE DE INYECCION DE QUIMICOS)::p010::t01,Table,FFMFMEQ013.0 (MR PAQUETE DE INYECCION DE QUIMICOS),10.0,,,1.0,FFMFMEQ013.0 (MR PAQUETE DE INYECCION DE QUIMICOS)::p010::t01,4.5,REQUERIMIENTOS DE CONFIABILIDAD,nan,1.0,,,,
Table:FFMFMEQ013.0 (MR PAQUETE DE INYECCION DE QUIMICOS)::p010::t02,Table,FFMFMEQ013.0 (MR PAQUETE DE INYECCION DE QUIMICOS),10.0,,,2.0,FFMFMEQ013.0 (MR PAQUETE DE INYECCION DE QUIMICOS)::p010::t02,4.5,REQUERIMIENTOS DE CONFIABILIDAD,nan,4.0,,,,
Table:FFMFMEQ013.0 (MR PAQUETE DE INYECCION DE QUIMICOS)::p010::t03,Table,FFMFMEQ013.0 (MR PAQUETE DE INYECCION DE QUIMICOS),10.0,,,3.0,FFMFMEQ013.0 (MR PAQUETE DE INYECCION DE QUIMICOS)::p010::t03,4.5,REQUERIMIENTOS DE CONFIABILIDAD,nan,6.0,,,,
Table:FFMFMEQ013.0 (MR PAQUETE DE INYECCION DE QUIMICOS)::p011::t01,Table,FFMFMEQ013.0 (MR PAQUETE DE INYECCION DE QUIMICOS),11.0,,,1.0,FFMFMEQ013.0 (MR PAQUETE DE INYECCION DE QUIMICOS)::p011::t01,4.9,ASISTENCIA EN SITIO,nan,1.0,,,,
Table:FFMFMEQ013.0 (MR PAQUETE DE INYECCION DE QUIMICOS)::p011::t02,Table,FFMFMEQ013.0 (MR PAQUETE DE INYECCION DE QUIMICOS),11.0,,,2.0,FFMFMEQ013.0 (MR PAQUETE DE INYECCION DE QUIMICOS)::p011::t02,4.9,ASISTENCIA EN SITIO,nan,4.0,,,,
Table:FFMFMEQ013.0 (MR PAQUETE DE INYECCION DE QUIMICOS)::p011::t03,Table,FFMFMEQ013.0 (MR PAQUETE DE INYECCION DE QUIMICOS),11.0,,,3.0,FFMFMEQ013.0 (MR PAQUETE DE INYECCION DE QUIMICOS)::p011::t03,4.9,ASISTENCIA EN SITIO,nan,6.0,,,,
Table:FFMFMEQ013.0 (MR PAQUETE DE INYECCION DE QUIMICOS)::p012::t01,Table,FFMFMEQ013.0 (MR PAQUETE DE INYECCION DE QUIMICOS),12.0,,,1.0,FFMFMEQ013.0 (MR PAQUETE DE INYECCION DE QUIMICOS)::p012::t01,4.12,HERRAMIENTAS ESPECIALES,nan,1.0,,,,
Table:FFMFMEQ013.0 (MR PAQUETE DE INYECCION DE QUIMICOS)::p012::t02,Table,FFMFMEQ013.0 (MR PAQUETE DE INYECCION DE QUIMICOS),12.0,,,2.0,FFMFMEQ013.0 (MR PAQUETE DE INYECCION DE QUIMICOS)::p012::t02,4.12,HERRAMIENTAS ESPECIALES,nan,4.0,,,,
Table:FFMFMEQ013.0 (MR PAQUETE DE INYECCION DE QUIMICOS)::p013::t01,Table,FFMFMEQ013.0 (MR PAQUETE DE INYECCION DE QUIMICOS),13.0,,,1.0,FFMFMEQ013.0 (MR PAQUETE DE INYECCION DE QUIMICOS)::p013::t01,5.2,REQUERIMIENTOS DE TUBERÍA,nan,1.0,,,,
Table:FFMFMEQ013.0 (MR PAQUETE DE INYECCION DE QUIMICOS)::p013::t02,Table,FFMFMEQ013.0 (MR PAQUETE DE INYECCION DE QUIMICOS),13.0,,,2.0,FFMFMEQ013.0 (MR PAQUETE DE INYECCION DE QUIMICOS)::p013::t02,5.2,REQUERIMIENTOS DE TUBERÍA,nan,4.0,,,,
Table:FFMFMEQ013.0 (MR PAQUETE DE INYECCION DE QUIMICOS)::p014::t01,Table,FFMFMEQ013.0 (MR PAQUETE DE INYECCION DE QUIMICOS),14.0,,,1.0,FFMFMEQ013.0 (MR PAQUETE DE INYECCION DE QUIMICOS)::p014::t01,5.7,EXTENSIÓN PRE-ENSAMBLE,nan,1.0,,,,
Table:FFMFMEQ013.0 (MR PAQUETE DE INYECCION DE QUIMICOS)::p014::t02,Table,FFMFMEQ013.0 (MR PAQUETE DE INYECCION DE QUIMICOS),14.0,,,2.0,FFMFMEQ013.0 (MR PAQUETE DE INYECCION DE QUIMICOS)::p014::t02,5.7,EXTENSIÓN PRE-ENSAMBLE,nan,4.0,,,,
Table:FFMFMEQ013.0 (MR PAQUETE DE INYECCION DE QUIMICOS)::p015::t01,Table,FFMFMEQ013.0 (MR PAQUETE DE INYECCION DE QUIMICOS),15.0,,,1.0,FFMFMEQ013.0 (MR PAQUETE DE INYECCION DE QUIMICOS)::p015::t01,7.1,SISTEMA DE ADMINISTRACIÓN DE LA CALIDAD (QMS),nan,1.0,,,,
Table:FFMFMEQ013.0 (MR PAQUETE DE INYECCION DE QUIMICOS)::p015::t02,Table,FFMFMEQ013.0 (MR PAQUETE DE INYECCION DE QUIMICOS),15.0,,,2.0,FFMFMEQ013.0 (MR PAQUETE DE INYECCION DE QUIMICOS)::p015::t02,7.1,SISTEMA DE ADMINISTRACIÓN DE LA CALIDAD (QMS),nan,4.0,,,,
Table:FFMFMEQ013.0 (MR PAQUETE DE INYECCION DE QUIMICOS)::p016::t01,Table,FFMFMEQ013.0 (MR PAQUETE DE INYECCION DE QUIMICOS),16.0,,,1.0,FFMFMEQ013.0 (MR PAQUETE DE INYECCION DE QUIMICOS)::p016::t01,7.3,"PLAN DE INSPECCIÓN Y ENSAYOS (ITP), FIR",nan,1.0,,,,
Table:FFMFMEQ013.0 (MR PAQUETE DE INYECCION DE QUIMICOS)::p016::t02,Table,FFMFMEQ013.0 (MR PAQUETE DE INYECCION DE QUIMICOS),16.0,,,2.0,FFMFMEQ013.0 (MR PAQUETE DE INYECCION DE QUIMICOS)::p016::t02,7.3,"PLAN DE INSPECCIÓN Y ENSAYOS (ITP), FIR",nan,4.0,,,,
Table:FFMFMEQ013.0 (MR PAQUETE DE INYECCION DE QUIMICOS)::p016::t03,Table,FFMFMEQ013.0 (MR PAQUETE DE INYECCION DE QUIMICOS),16.0,,,3.0,FFMFMEQ013.0 (MR PAQUETE DE INYECCION DE QUIMICOS)::p016::t03,7.3,"PLAN DE INSPECCIÓN Y ENSAYOS (ITP), FIR",nan,6.0,,,,
Table:FFMFMEQ013.0 (MR PAQUETE DE INYECCION DE QUIMICOS)::p017::t01,Table,FFMFMEQ013.0 (MR PAQUETE DE INYECCION DE QUIMICOS),17.0,,,1.0,FFMFMEQ013.0 (MR PAQUETE DE INYECCION DE QUIMICOS)::p017::t01,7.3,"PLAN DE INSPECCIÓN Y ENSAYOS (ITP), FIR",nan,1.0,,,,
Table:FFMFMEQ013.0 (MR PAQUETE DE INYECCION DE QUIMICOS)::p017::t02,Table,FFMFMEQ013.0 (MR PAQUETE DE INYECCION DE QUIMICOS),17.0,,,2.0,FFMFMEQ013.0 (MR PAQUETE DE INYECCION DE QUIMICOS)::p017::t02,7.3,"PLAN DE INSPECCIÓN Y ENSAYOS (ITP), FIR",nan,4.0,,,,
Table:FFMFMEQ013.0 (MR PAQUETE DE INYECCION DE QUIMICOS)::p018::t01,Table,FFMFMEQ013.0 (MR PAQUETE DE INYECCION DE QUIMICOS),18.0,,,1.0,FFMFMEQ013.0 (MR PAQUETE DE INYECCION DE QUIMICOS)::p018::t01,1.1,(1) UN,nan,1.0,,,,
Table:FFMFMEQ013.0 (MR PAQUETE DE INYECCION DE QUIMICOS)::p018::t02,Table,FFMFMEQ013.0 (MR PAQUETE DE INYECCION DE QUIMICOS),18.0,,,2.0,FFMFMEQ013.0 (MR PAQUETE DE INYECCION DE QUIMICOS)::p018::t02,1.1,(1) UN,nan,4.0,,,,
Table:FFMFMEQ013.0 (MR PAQUETE DE INYECCION DE QUIMICOS)::p018::t03,Table,FFMFMEQ013.0 (MR PAQUETE DE INYECCION DE QUIMICOS),18.0,,,3.0,FFMFMEQ013.0 (MR PAQUETE DE INYECCION DE QUIMICOS)::p018::t03,1.1,(1) UN,nan,6.0,,,,
Table:FFMFMEQ013.0 (MR PAQUETE DE INYECCION DE QUIMICOS)::p019::t01,Table,FFMFMEQ013.0 (MR PAQUETE DE INYECCION DE QUIMICOS),19.0,,,1.0,FFMFMEQ013.0 (MR PAQUETE DE INYECCION DE QUIMICOS)::p019::t01,10.2,ESTÁNDARES DE REFERENCIA,nan,1.0,,,,
Table:FFMFMEQ013.0 (MR PAQUETE DE INYECCION DE QUIMICOS)::p019::t02,Table,FFMFMEQ013.0 (MR PAQUETE DE INYECCION DE QUIMICOS),19.0,,,2.0,FFMFMEQ013.0 (MR PAQUETE DE INYECCION DE QUIMICOS)::p019::t02,10.2,ESTÁNDARES DE REFERENCIA,nan,4.0,,,,
Table:FFMFMEQ013.0 (MR PAQUETE DE INYECCION DE QUIMICOS)::p019::t03,Table,FFMFMEQ013.0 (MR PAQUETE DE INYECCION DE QUIMICOS),19.0,,,3.0,FFMFMEQ013.0 (MR PAQUETE DE INYECCION DE QUIMICOS)::p019::t03,10.2,ESTÁNDARES DE REFERENCIA,nan,6.0,,,,
Table:FFMFMEQ013.0 (MR PAQUETE DE INYECCION DE QUIMICOS)::p020::t01,Table,FFMFMEQ013.0 (MR PAQUETE DE INYECCION DE QUIMICOS),20.0,,,1.0,FFMFMEQ013.0 (MR PAQUETE DE INYECCION DE QUIMICOS)::p020::t01,10.3,DOCUMENTOS DE REFERENCIA,nan,1.0,,,,
Table:FFMFMEQ013.0 (MR PAQUETE DE INYECCION DE QUIMICOS)::p020::t02,Table,FFMFMEQ013.0 (MR PAQUETE DE INYECCION DE QUIMICOS),20.0,,,2.0,FFMFMEQ013.0 (MR PAQUETE DE INYECCION DE QUIMICOS)::p020::t02,10.3,DOCUMENTOS DE REFERENCIA,nan,4.0,,,,
Table:FFMFMEQ013.0 (MR PAQUETE DE INYECCION DE QUIMICOS)::p020::t03,Table,FFMFMEQ013.0 (MR PAQUETE DE INYECCION DE QUIMICOS),20.0,,,3.0,FFMFMEQ013.0 (MR PAQUETE DE INYECCION DE QUIMICOS)::p020::t03,10.3,DOCUMENTOS DE REFERENCIA,nan,6.0,,,,
Table:FFMFMEQ013.0 (MR PAQUETE DE INYECCION DE QUIMICOS)::p020::t04,Table,FFMFMEQ013.0 (MR PAQUETE DE INYECCION DE QUIMICOS),20.0,,,4.0,FFMFMEQ013.0 (MR PAQUETE DE INYECCION DE QUIMICOS)::p020::t04,10.3,DOCUMENTOS DE REFERENCIA,nan,11.0,,,,
Table:FFMFMEX033.1 (HD PAQUETE DE INYECCION DE QUIMICOS)::p001::t01,Table,FFMFMEX033.1 (HD PAQUETE DE INYECCION DE QUIMICOS),1.0,,,1.0,FFMFMEX033.1 (HD PAQUETE DE INYECCION DE QUIMICOS)::p001::t01,nan,nan,nan,1.0,,,,
Table:FFMFMEX033.1 (HD PAQUETE DE INYECCION DE QUIMICOS)::p002::t01,Table,FFMFMEX033.1 (HD PAQUETE DE INYECCION DE QUIMICOS),2.0,,,1.0,FFMFMEX033.1 (HD PAQUETE DE INYECCION DE QUIMICOS)::p002::t01,nan,nan,nan,1.0,,,,
Table:FFMFMEX033.1 (HD PAQUETE DE INYECCION DE QUIMICOS)::p002::t02,Table,FFMFMEX033.1 (HD PAQUETE DE INYECCION DE QUIMICOS),2.0,,,2.0,FFMFMEX033.1 (HD PAQUETE DE INYECCION DE QUIMICOS)::p002::t02,nan,nan,nan,83.0,,,,
Table:FFMFMEX033.1 (HD PAQUETE DE INYECCION DE QUIMICOS)::p003::t01,Table,FFMFMEX033.1 (HD PAQUETE DE INYECCION DE QUIMICOS),3.0,,,1.0,FFMFMEX033.1 (HD PAQUETE DE INYECCION DE QUIMICOS)::p003::t01,nan,nan,nan,1.0,,,,
Table:FFMFMEX033.1 (HD PAQUETE DE INYECCION DE QUIMICOS)::p004::t01,Table,FFMFMEX033.1 (HD PAQUETE DE INYECCION DE QUIMICOS),4.0,,,1.0,FFMFMEX033.1 (HD PAQUETE DE INYECCION DE QUIMICOS)::p004::t01,nan,nan,nan,1.0,,,,
Table:FFMFSME015.1 (ET Paquete de Inyección de Químicos)::p001::t01,Table,FFMFSME015.1 (ET Paquete de Inyección de Químicos),1.0,,,1.0,FFMFSME015.1 (ET Paquete de Inyección de Químicos)::p001::t01,nan,nan,nan,1.0,,,,
Table:FFMFSME015.1 (ET Paquete de Inyección de Químicos)::p002::t01,Table,FFMFSME015.1 (ET Paquete de Inyección de Químicos),2.0,,,1.0,FFMFSME015.1 (ET Paquete de Inyección de Químicos)::p002::t01,nan,nan,nan,1.0,,,,
Table:FFMFSME015.1 (ET Paquete de Inyección de Químicos)::p002::t02,Table,FFMFSME015.1 (ET Paquete de Inyección de Químicos),2.0,,,2.0,FFMFSME015.1 (ET Paquete de Inyección de Químicos)::p002::t02,nan,nan,nan,5.0,,,,
Table:FFMFSME015.1 (ET Paquete de Inyección de Químicos)::p004::t01,Table,FFMFSME015.1 (ET Paquete de Inyección de Químicos),4.0,,,1.0,FFMFSME015.1 (ET Paquete de Inyección de Químicos)::p004::t01,11.2,Marcado de Envío ............................................................................................................. 37,nan,1.0,,,,
Table:FFMFSME015.1 (ET Paquete de Inyección de Químicos)::p005::t01,Table,FFMFSME015.1 (ET Paquete de Inyección de Químicos),5.0,,,1.0,FFMFSME015.1 (ET Paquete de Inyección de Químicos)::p005::t01,12.4,Manual de Instrucciones ................................................................................................... 40,nan,1.0,,,,
Table:FFMFSME015.1 (ET Paquete de Inyección de Químicos)::p006::t01,Table,FFMFSME015.1 (ET Paquete de Inyección de Químicos),6.0,,,1.0,FFMFSME015.1 (ET Paquete de Inyección de Químicos)::p006::t01,12.4,Manual de Instrucciones ................................................................................................... 40,nan,1.0,,,,
Table:FFMFSME015.1 (ET Paquete de Inyección de Químicos)::p008::t01,Table,FFMFSME015.1 (ET Paquete de Inyección de Químicos),8.0,,,1.0,FFMFSME015.1 (ET Paquete de Inyección de Químicos)::p008::t01,2.2,Abreviaturas,nan,1.0,,,,
Table:FFMFSME015.1 (ET Paquete de Inyección de Químicos)::p009::t01,Table,FFMFSME015.1 (ET Paquete de Inyección de Químicos),9.0,,,1.0,FFMFSME015.1 (ET Paquete de Inyección de Químicos)::p009::t01,2.2,Abreviaturas,nan,1.0,,,,
Table:FFMFSME015.1 (ET Paquete de Inyección de Químicos)::p010::t01,Table,FFMFSME015.1 (ET Paquete de Inyección de Químicos),10.0,,,1.0,FFMFSME015.1 (ET Paquete de Inyección de Químicos)::p010::t01,3.1.2,American Society of Mechanical Engineers (ASME),nan,1.0,,,,
Table:FFMFSME015.1 (ET Paquete de Inyección de Químicos)::p011::t01,Table,FFMFSME015.1 (ET Paquete de Inyección de Químicos),11.0,,,1.0,FFMFSME015.1 (ET Paquete de Inyección de Químicos)::p011::t01,3.1.4,International Organization for Standardization (ISO),nan,1.0,,,,
Table:FFMFSME015.1 (ET Paquete de Inyección de Químicos)::p012::t01,Table,FFMFSME015.1 (ET Paquete de Inyección de Químicos),12.0,,,1.0,FFMFSME015.1 (ET Paquete de Inyección de Químicos)::p012::t01,3.1.10,Códigos y Estándares Nacionales,nan,1.0,,,,
Table:FFMFSME015.1 (ET Paquete de Inyección de Químicos)::p013::t01,Table,FFMFSME015.1 (ET Paquete de Inyección de Químicos),13.0,,,1.0,FFMFSME015.1 (ET Paquete de Inyección de Químicos)::p013::t01,3.2,Documentos del Proyecto,nan,1.0,,,,
Table:FFMFSME015.1 (ET Paquete de Inyección de Químicos)::p014::t01,Table,FFMFSME015.1 (ET Paquete de Inyección de Químicos),14.0,,,1.0,FFMFSME015.1 (ET Paquete de Inyección de Químicos)::p014::t01,4.2,Condiciones del Sitio,nan,1.0,,,,
Table:FFMFSME015.1 (ET Paquete de Inyección de Químicos)::p014::t02,Table,FFMFSME015.1 (ET Paquete de Inyección de Químicos),14.0,,,2.0,FFMFSME015.1 (ET Paquete de Inyección de Químicos)::p014::t02,4.2,Condiciones del Sitio,nan,5.0,,,,
Table:FFMFSME015.1 (ET Paquete de Inyección de Químicos)::p015::t01,Table,FFMFSME015.1 (ET Paquete de Inyección de Químicos),15.0,,,1.0,FFMFSME015.1 (ET Paquete de Inyección de Químicos)::p015::t01,4.2,Condiciones del Sitio,nan,1.0,,,,
Table:FFMFSME015.1 (ET Paquete de Inyección de Químicos)::p015::t02,Table,FFMFSME015.1 (ET Paquete de Inyección de Químicos),15.0,,,2.0,FFMFSME015.1 (ET Paquete de Inyección de Químicos)::p015::t02,4.2,Condiciones del Sitio,nan,5.0,,,,
Table:FFMFSME015.1 (ET Paquete de Inyección de Químicos)::p016::t01,Table,FFMFSME015.1 (ET Paquete de Inyección de Químicos),16.0,,,1.0,FFMFSME015.1 (ET Paquete de Inyección de Químicos)::p016::t01,5.6,Suministro de Energía,nan,1.0,,,,
Table:FFMFSME015.1 (ET Paquete de Inyección de Químicos)::p017::t01,Table,FFMFSME015.1 (ET Paquete de Inyección de Químicos),17.0,,,1.0,FFMFSME015.1 (ET Paquete de Inyección de Químicos)::p017::t01,5.7,Área Disponible,nan,1.0,,,,
Table:FFMFSME015.1 (ET Paquete de Inyección de Químicos)::p017::t02,Table,FFMFSME015.1 (ET Paquete de Inyección de Químicos),17.0,,,2.0,FFMFSME015.1 (ET Paquete de Inyección de Químicos)::p017::t02,5.7,Área Disponible,nan,5.0,,,,
Table:FFMFSME015.1 (ET Paquete de Inyección de Químicos)::p018::t01,Table,FFMFSME015.1 (ET Paquete de Inyección de Químicos),18.0,,,1.0,FFMFSME015.1 (ET Paquete de Inyección de Químicos)::p018::t01,6.2,Servicios y Misceláneos,nan,1.0,,,,
Table:FFMFSME015.1 (ET Paquete de Inyección de Químicos)::p019::t01,Table,FFMFSME015.1 (ET Paquete de Inyección de Químicos),19.0,,,1.0,FFMFSME015.1 (ET Paquete de Inyección de Químicos)::p019::t01,6.3,Exclusiones,nan,1.0,,,,
Table:FFMFSME015.1 (ET Paquete de Inyección de Químicos)::p020::t01,Table,FFMFSME015.1 (ET Paquete de Inyección de Químicos),20.0,,,1.0,FFMFSME015.1 (ET Paquete de Inyección de Químicos)::p020::t01,6.4.3,Instrumentación y Control,nan,1.0,,,,
Table:FFMFSME015.1 (ET Paquete de Inyección de Químicos)::p021::t01,Table,FFMFSME015.1 (ET Paquete de Inyección de Químicos),21.0,,,1.0,FFMFSME015.1 (ET Paquete de Inyección de Químicos)::p021::t01,6.4.4,Civiles,nan,1.0,,,,
Table:FFMFSME015.1 (ET Paquete de Inyección de Químicos)::p022::t01,Table,FFMFSME015.1 (ET Paquete de Inyección de Químicos),22.0,,,1.0,FFMFSME015.1 (ET Paquete de Inyección de Químicos)::p022::t01,7.1,General,nan,1.0,,,,
Table:FFMFSME015.1 (ET Paquete de Inyección de Químicos)::p023::t01,Table,FFMFSME015.1 (ET Paquete de Inyección de Químicos),23.0,,,1.0,FFMFSME015.1 (ET Paquete de Inyección de Químicos)::p023::t01,7.2,Procesos,nan,1.0,,,,
Table:FFMFSME015.1 (ET Paquete de Inyección de Químicos)::p024::t01,Table,FFMFSME015.1 (ET Paquete de Inyección de Químicos),24.0,,,1.0,FFMFSME015.1 (ET Paquete de Inyección de Químicos)::p024::t01,7.2.1,Conexiones a Procesos,nan,1.0,,,,
Table:FFMFSME015.1 (ET Paquete de Inyección de Químicos)::p024::t02,Table,FFMFSME015.1 (ET Paquete de Inyección de Químicos),24.0,,,2.0,FFMFSME015.1 (ET Paquete de Inyección de Químicos)::p024::t02,7.2.1,Conexiones a Procesos,nan,5.0,,,,
Table:FFMFSME015.1 (ET Paquete de Inyección de Químicos)::p025::t01,Table,FFMFSME015.1 (ET Paquete de Inyección de Químicos),25.0,,,1.0,FFMFSME015.1 (ET Paquete de Inyección de Químicos)::p025::t01,7.3.1,Bombas de dosificación,nan,1.0,,,,
Table:FFMFSME015.1 (ET Paquete de Inyección de Químicos)::p025::t02,Table,FFMFSME015.1 (ET Paquete de Inyección de Químicos),25.0,,,2.0,FFMFSME015.1 (ET Paquete de Inyección de Químicos)::p025::t02,7.3.1,Bombas de dosificación,nan,5.0,,,,
Table:FFMFSME015.1 (ET Paquete de Inyección de Químicos)::p026::t01,Table,FFMFSME015.1 (ET Paquete de Inyección de Químicos),26.0,,,1.0,FFMFSME015.1 (ET Paquete de Inyección de Químicos)::p026::t01,7.3.3,Boquilla de inyección (Quill),nan,1.0,,,,
Table:FFMFSME015.1 (ET Paquete de Inyección de Químicos)::p026::t02,Table,FFMFSME015.1 (ET Paquete de Inyección de Químicos),26.0,,,2.0,FFMFSME015.1 (ET Paquete de Inyección de Químicos)::p026::t02,7.3.3,Boquilla de inyección (Quill),nan,5.0,,,,
Table:FFMFSME015.1 (ET Paquete de Inyección de Químicos)::p028::t01,Table,FFMFSME015.1 (ET Paquete de Inyección de Químicos),28.0,,,1.0,FFMFSME015.1 (ET Paquete de Inyección de Químicos)::p028::t01,7.6,Electricidad,nan,1.0,,,,
Table:FFMFSME015.1 (ET Paquete de Inyección de Químicos)::p029::t01,Table,FFMFSME015.1 (ET Paquete de Inyección de Químicos),29.0,,,1.0,FFMFSME015.1 (ET Paquete de Inyección de Químicos)::p029::t01,7.6.2,Interruptores,nan,1.0,,,,
Table:FFMFSME015.1 (ET Paquete de Inyección de Químicos)::p030::t01,Table,FFMFSME015.1 (ET Paquete de Inyección de Químicos),30.0,,,1.0,FFMFSME015.1 (ET Paquete de Inyección de Químicos)::p030::t01,7.6.6,Lámparas de Señalización,nan,1.0,,,,
Table:FFMFSME015.1 (ET Paquete de Inyección de Químicos)::p031::t01,Table,FFMFSME015.1 (ET Paquete de Inyección de Químicos),31.0,,,1.0,FFMFSME015.1 (ET Paquete de Inyección de Químicos)::p031::t01,7.7,Instrumentación y Control,nan,1.0,,,,
Table:FFMFSME015.1 (ET Paquete de Inyección de Químicos)::p032::t01,Table,FFMFSME015.1 (ET Paquete de Inyección de Químicos),32.0,,,1.0,FFMFSME015.1 (ET Paquete de Inyección de Químicos)::p032::t01,7.7,Instrumentación y Control,nan,1.0,,,,
Table:FFMFSME015.1 (ET Paquete de Inyección de Químicos)::p033::t01,Table,FFMFSME015.1 (ET Paquete de Inyección de Químicos),33.0,,,1.0,FFMFSME015.1 (ET Paquete de Inyección de Químicos)::p033::t01,7.7.1,Indicadores de Presión,nan,1.0,,,,
Table:FFMFSME015.1 (ET Paquete de Inyección de Químicos)::p034::t01,Table,FFMFSME015.1 (ET Paquete de Inyección de Químicos),34.0,,,1.0,FFMFSME015.1 (ET Paquete de Inyección de Químicos)::p034::t01,7.7.3,Válvulas de Alivio,nan,1.0,,,,
Table:FFMFSME015.1 (ET Paquete de Inyección de Químicos)::p035::t01,Table,FFMFSME015.1 (ET Paquete de Inyección de Químicos),35.0,,,1.0,FFMFSME015.1 (ET Paquete de Inyección de Químicos)::p035::t01,7.8,Pintura y Recubrimiento,nan,1.0,,,,
Table:FFMFSME015.1 (ET Paquete de Inyección de Químicos)::p036::t01,Table,FFMFSME015.1 (ET Paquete de Inyección de Químicos),36.0,,,1.0,FFMFSME015.1 (ET Paquete de Inyección de Químicos)::p036::t01,7.10,Materiales,nan,1.0,,,,
Table:FFMFSME015.1 (ET Paquete de Inyección de Químicos)::p037::t01,Table,FFMFSME015.1 (ET Paquete de Inyección de Químicos),37.0,,,1.0,FFMFSME015.1 (ET Paquete de Inyección de Químicos)::p037::t01,7.10,Materiales,nan,1.0,,,,
Table:FFMFSME015.1 (ET Paquete de Inyección de Químicos)::p038::t01,Table,FFMFSME015.1 (ET Paquete de Inyección de Químicos),38.0,,,1.0,FFMFSME015.1 (ET Paquete de Inyección de Químicos)::p038::t01,8.2,Pruebas,nan,1.0,,,,
Table:FFMFSME015.1 (ET Paquete de Inyección de Químicos)::p039::t01,Table,FFMFSME015.1 (ET Paquete de Inyección de Químicos),39.0,,,1.0,FFMFSME015.1 (ET Paquete de Inyección de Químicos)::p039::t01,8.3.2,FAT,nan,1.0,,,,
Table:FFMFSME015.1 (ET Paquete de Inyección de Químicos)::p040::t01,Table,FFMFSME015.1 (ET Paquete de Inyección de Químicos),40.0,,,1.0,FFMFSME015.1 (ET Paquete de Inyección de Químicos)::p040::t01,8.3.2,FAT,nan,1.0,,,,
Table:FFMFSME015.1 (ET Paquete de Inyección de Químicos)::p041::t01,Table,FFMFSME015.1 (ET Paquete de Inyección de Químicos),41.0,,,1.0,FFMFSME015.1 (ET Paquete de Inyección de Químicos)::p041::t01,10.1,Herramientas Especiales,nan,1.0,,,,
Table:FFMFSME015.1 (ET Paquete de Inyección de Químicos)::p042::t01,Table,FFMFSME015.1 (ET Paquete de Inyección de Químicos),42.0,,,1.0,FFMFSME015.1 (ET Paquete de Inyección de Químicos)::p042::t01,11.1,Embalaje,nan,1.0,,,,
Table:FFMFSME015.1 (ET Paquete de Inyección de Químicos)::p042::t02,Table,FFMFSME015.1 (ET Paquete de Inyección de Químicos),42.0,,,2.0,FFMFSME015.1 (ET Paquete de Inyección de Químicos)::p042::t02,11.1,Embalaje,nan,5.0,,,,
Table:FFMFSME015.1 (ET Paquete de Inyección de Químicos)::p043::t01,Table,FFMFSME015.1 (ET Paquete de Inyección de Químicos),43.0,,,1.0,FFMFSME015.1 (ET Paquete de Inyección de Químicos)::p043::t01,11.2,Marcado de Envío,nan,1.0,,,,
Table:FFMFSME015.1 (ET Paquete de Inyección de Químicos)::p044::t01,Table,FFMFSME015.1 (ET Paquete de Inyección de Químicos),44.0,,,1.0,FFMFSME015.1 (ET Paquete de Inyección de Químicos)::p044::t01,12.1,General,nan,1.0,,,,
Table:FFMFSME015.1 (ET Paquete de Inyección de Químicos)::p045::t01,Table,FFMFSME015.1 (ET Paquete de Inyección de Químicos),45.0,,,1.0,FFMFSME015.1 (ET Paquete de Inyección de Químicos)::p045::t01,12.1,General,nan,1.0,,,,
Table:FFMFSME015.1 (ET Paquete de Inyección de Químicos)::p046::t01,Table,FFMFSME015.1 (ET Paquete de Inyección de Químicos),46.0,,,1.0,FFMFSME015.1 (ET Paquete de Inyección de Químicos)::p046::t01,12.4,Manual de Instrucciones,nan,1.0,,,,
Table:FFMFSME015.1 (ET Paquete de Inyección de Químicos)::p047::t01,Table,FFMFSME015.1 (ET Paquete de Inyección de Químicos),47.0,,,1.0,FFMFSME015.1 (ET Paquete de Inyección de Químicos)::p047::t01,12.4,Manual de Instrucciones,nan,1.0,,,,
Table:FFMFSME015.1 (ET Paquete de Inyección de Químicos)::p048::t01,Table,FFMFSME015.1 (ET Paquete de Inyección de Químicos),48.0,,,1.0,FFMFSME015.1 (ET Paquete de Inyección de Químicos)::p048::t01,nan,nan,nan,1.0,,,,
Table:FFMFSME015.1 (ET Paquete de Inyección de Químicos)::p049::t01,Table,FFMFSME015.1 (ET Paquete de Inyección de Químicos),49.0,,,1.0,FFMFSME015.1 (ET Paquete de Inyección de Químicos)::p049::t01,nan,nan,nan,1.0,,,,
Param:FORMATO REQUISICIÓN DE MATERIALES COMPRAS MAYORES Paquete de Inyección de Químicos,Param,,,,,,,,,,,FORMATO REQUISICIÓN DE MATERIALES COMPRAS MAYORES Paquete de Inyección de Químicos,,,
Param:MR # FFM/F-MEQ-013,Param,,,,,,,,,,,MR # FFM/F-MEQ-013,,,
Param:INGENIERÍA DETALLE ACONDICIONAMIENTO ESTRATEGICO CUPIAGUA,Param,,,,,,,,,,,INGENIERÍA DETALLE ACONDICIONAMIENTO ESTRATEGICO CUPIAGUA,,,
Param:REV 0,Param,,,,,,,,,,,REV 0,,,
Param:SECCIÓN,Param,,,,,,,,,,,SECCIÓN,,,
Param:DESCRIPCIÓN,Param,,,,,,,,,,,DESCRIPCIÓN,,,
Param:0,Param,,,,,,,,,,,0,,,
Param:EMITIDO PARA COMPRA,Param,,,,,,,,,,,EMITIDO PARA COMPRA,,,
Param:01-11-2023,Param,,,,,,,,,,,01-11-2023,,,
Param:Ítem,Param,,,,,,,,,,,Ítem,,,
Param:Cantidad,Param,,,,,,,,,,,Cantidad,,,
Param:Unidad,Param,,,,,,,,,,,Unidad,,,
Param:TAG,Param,,,,,,,,,,,TAG,,,
Param:Descripción,Param,,,,,,,,,,,Descripción,,,
Param:Código de Catálogo ECOPETROL,Param,,,,,,,,,,,Código de Catálogo ECOPETROL,,,
Param:CON LA OFERTA,Param,,,,,,,,,,,CON LA OFERTA,,,
Param:PRIMERA EMISIÓN DESPUES DE LA ORDEN DE COMPRA,Param,,,,,,,,,,,PRIMERA EMISIÓN DESPUES DE LA ORDEN DE COMPRA,,,
Param:EMISIÓN FINAL (5),Param,,,,,,,,,,,EMISIÓN FINAL (5),,,
Param:Objeto de la reunión o visita,Param,,,,,,,,,,,Objeto de la reunión o visita,,,
Param:Sitio,Param,,,,,,,,,,,Sitio,,,
Param:ITEM,Param,,,,,,,,,,,ITEM,,,
Param:CLASE,Param,,,,,,,,,,,CLASE,,,
Param:NIVEL INSPECCIÓN EN BODEGA,Param,,,,,,,,,,,NIVEL INSPECCIÓN EN BODEGA,,,
Param:NIVEL INSPECCIÓN EN FÁBRICA,Param,,,,,,,,,,,NIVEL INSPECCIÓN EN FÁBRICA,,,
Param:Código,Param,,,,,,,,,,,Código,,,
Param:REV,Param,,,,,,,,,,,REV,,,
Param:Nombre,Param,,,,,,,,,,,Nombre,,,
Param:LINK,Param,,,,,,,,,,,LINK,,,
Param:CLIENT,Param,,,,,,,,,,,CLIENT,,,
Param:PROYECTO Ingeniería Detallada Proyecto Acondicionamiento Estratégico de Cupiagua CLIENTE Ecopetrol S.A. ESTACIÓN CPF CUP,Param,,,,,,,,,,,PROYECTO Ingeniería Detallada Proyecto Acondicionamiento Estratégico de Cupiagua CLIENTE Ecopetrol S.A. ESTACIÓN CPF CUP,,,
Param:480 / 120,Param,,,,,,,,,,,480 / 120,,,
Param:PROJECT Ingeniería Detalle Acondicionamiento Estratégico Cupiagua,Param,,,,,,,,,,,PROJECT Ingeniería Detalle Acondicionamiento Estratégico Cupiagua,,,
Param:CONTRACTOR,Param,,,,,,,,,,,CONTRACTOR,,,
Param:Edición,Param,,,,,,,,,,,Edición,,,
Param:Fecha,Param,,,,,,,,,,,Fecha,,,
Param:Objeto de la Edición,Param,,,,,,,,,,,Objeto de la Edición,,,
PidRef:FFMFMEQ013.0 (MR PAQUETE DE INYECCION DE QUIMICOS)_8_FFM/F-MEQ-013,PidRef,FFMFMEQ013.0 (MR PAQUETE DE INYECCION DE QUIMICOS),8.0,,,,,,,,,,FFM/F-MEQ-013,nan,Diagrama;P&ID
PidRef:FFMFMEQ013.0 (MR PAQUETE DE INYECCION DE QUIMICOS)_14_FFM/F-MEQ-013,PidRef,FFMFMEQ013.0 (MR PAQUETE DE INYECCION DE QUIMICOS),14.0,,,,,,,,,,FFM/F-MEQ-013,nan,P&ID
PidRef:FFMFMEQ013.0 (MR PAQUETE DE INYECCION DE QUIMICOS)_20_FFM/F-MEQ-013,PidRef,FFMFMEQ013.0 (MR PAQUETE DE INYECCION DE QUIMICOS),20.0,,,,,,,,,,FFM/F-MEQ-013,nan,Piping and Instrumentation;diagram
PidRef:FFMFMEX033.1 (HD PAQUETE DE INYECCION DE QUIMICOS)_4_FFM/F-S-ME-015,PidRef,FFMFMEX033.1 (HD PAQUETE DE INYECCION DE QUIMICOS),4.0,,,,,,,,,,FFM/F-S-ME-015,nan,DIAGRAMA;P&ID;diagrama;RULE_FORCE_PID
PidRef:FFMFSME015.1 (ET Paquete de Inyección de Químicos)_6_FFM/F-S-ME-015,PidRef,FFMFSME015.1 (ET Paquete de Inyección de Químicos),6.0,,,,,,,,,,FFM/F-S-ME-015,nan,P&ID
PidRef:FFMFSME015.1 (ET Paquete de Inyección de Químicos)_13_FFM/F-S-ME-015,PidRef,FFMFSME015.1 (ET Paquete de Inyección de Químicos),13.0,,,,,,,,,,FFM/F-S-ME-015,nan,P&ID
PidRef:FFMFSME015.1 (ET Paquete de Inyección de Químicos)_19_FFM/F-S-ME-015,PidRef,FFMFSME015.1 (ET Paquete de Inyección de Químicos),19.0,,,,,,,,,,FFM/F-S-ME-015,nan,P&ID
PidRef:FFMFSME015.1 (ET Paquete de Inyección de Químicos)_20_FFM/F-S-ME-015,PidRef,FFMFSME015.1 (ET Paquete de Inyección de Químicos),20.0,,,,,,,,,,FFM/F-S-ME-015,nan,P&ID
PidRef:FFMFSME015.1 (ET Paquete de Inyección de Químicos)_23_FFM/F-S-ME-015,PidRef,FFMFSME015.1 (ET Paquete de Inyección de Químicos),23.0,,,,,,,,,,FFM/F-S-ME-015,nan,P&ID
PidRef:FFMFSME015.1 (ET Paquete de Inyección de Químicos)_24_FFM/F-S-ME-015,PidRef,FFMFSME015.1 (ET Paquete de Inyección de Químicos),24.0,,,,,,,,,,FFM/F-S-ME-015,nan,P&ID
PidRef:FFMFSME015.1 (ET Paquete de Inyección de Químicos)_45_FFM/F-S-ME-015,PidRef,FFMFSME015.1 (ET Paquete de Inyección de Químicos),45.0,,,,,,,,,,FFM/F-S-ME-015,nan,Diagrama
PidRef:FFMFSME015.1 (ET Paquete de Inyección de Químicos)_46_FFM/F-S-ME-015,PidRef,FFMFSME015.1 (ET Paquete de Inyección de Químicos),46.0,,,,,,,,,,FFM/F-S-ME-015,nan,Diagrama
